source_id,mass_flame,mh_gspphot,lum_flame,evolstage_flame,teff_gspphot,radius_gspphot,spectraltype_esphs
6030020936969558016,0.7771658,-2.4432,0.19010764,169,4786.0205,0.4085,B
6030050039664208256,1.1066036,-1.2793,1.1788781,116,6014.7056,1.0076,F
6030078867485304448,0.86794865,-0.2993,0.5063439,272,5259.5947,0.7015,K
6030078867485349248,0.97582227,-0.1456,0.84536743,238,5714.284,1.1083,F
6030078867493166592,0.85012794,-1.1964,0.4984021,314,5275.734,0.595,G
6030078871887370496,0.99918115,-0.3852,0.6306495,117,5638.737,0.8347,G
6030050074023970304,0.8486429,-0.8381,0.5544533,316,5266.7344,0.6304,G
6030021040048783744,0.88843334,-0.3123,0.5931788,272,5312.686,0.7822,F
6030021040049473664,0.82161105,-1.6025,0.37726837,235,5075.462,0.5217,A
6030050078392916224,1.4484434,-0.7871,5.923968,249,6638.8306,1.5923,F
6030020907021015424,0.8418177,-0.0436,0.7649827,359,4985.507,0.861,K
6030050108383711104,0.86659914,-0.7089,0.7124292,343,5383.1436,0.6746,F
6030021044469104896,0.94632787,-0.8325,1.1454791,359,5679.0513,0.6661,F
6030021074412001920,0.8893842,-0.1485,0.98998034,360,5223.6055,0.8997,F
6030021074414414848,0.80324435,-1.5514,0.34376833,269,4901.2427,0.491,G
6030078936212642048,0.78962773,-0.4173,0.2232867,139,4873.96,0.6373,K
6030021108768946176,0.7766095,-1.2974,0.24729556,184,4852.913,0.5067,K
6030021108774149248,0.78572696,-1.533,0.35083625,302,4878.259,0.491,F
6030078974939636736,0.8745875,-0.6142,0.49094093,231,5288.127,0.6559,K
6030021177487756032,0.88348854,-1.3787,0.85083216,357,5425.793,0.6044,F
6030021177487767168,1.308492,-0.3391,3.935316,276,6367.828,1.6063,F
6030021177493625216,0.71626866,-1.137,0.22711907,303,4521.9565,0.8407,K
6030050215831896448,0.8667813,-1.5509,0.5340933,299,5289.9854,0.5548,B
6030050215831898112,0.7099351,-0.2496,0.19670425,334,4434.5093,0.8221,K
6030050245826978432,0.88039696,-1.5106,0.8552204,356,5409.221,0.5886,F
6030050245853110400,0.7973402,-0.5365,0.31879917,252,4943.718,0.6274,K
6030079073643911552,1.0923809,-0.8045,1.4463066,247,6053.526,0.9651,F
6030021246207256448,0.798203,-0.7901,0.38282424,355,5020.2495,0.6044,K
6030050280182420736,0.93318284,-1.2009,0.48416784,160,5677.0815,0.6459,F
6030079112378171776,0.89977,-1.0435,0.6643711,296,5480.9893,0.6426,G
6030079142367049088,0.667939,-0.353,0.12718844,179,4250.947,0.5701,K
6030050318911153536,0.7374838,-0.7563,0.21316113,251,4597.395,0.8154,K
6030050353270903552,0.8887836,-0.9764,0.9888952,359,5122.4463,1.219,K
6030021319337957120,0.8632906,-1.4099,0.75590533,350,5275.0215,0.5731,G
6030079181038079232,0.68004274,-1.1776,0.12522447,135,4329.9434,0.6714,K
6030079108003346816,0.84515345,-0.6256,0.7434377,355,4694.794,1.286,K
6030050387630627584,0.8879668,-0.5508,0.46197253,159,5367.383,0.695,F
6030050387631309440,0.7658998,-0.6181,0.21005075,136,4706.1274,0.8244,K
6030079211082663424,1.5563005,-0.9159,6.7272825,167,7391.587,1.623,F
6030050417621404160,0.77262074,-0.1916,0.50470203,353,4748.6895,0.6707,K
6030050417621427968,0.8667406,-0.5698,0.6679226,339,5385.5347,0.7162,G
6030021388057330176,0.9537309,-0.4977,0.6112521,132,5506.0474,0.7533,F
6030021388057341056,0.8547432,-0.5504,0.6128819,330,5298.798,0.9069,G
6030079215457409920,0.87864274,-1.6138,1.1520634,360,5518.4756,0.73,M
6030079215457908608,0.7232046,-0.3759,0.2154235,320,4503.9746,0.6113,K
6030079215484872704,0.8512919,-0.8382,0.4400248,298,5141.974,0.9003,F
6030050451981162112,0.82850224,-1.5007,0.30921084,182,5170.6523,0.5339,F
6030079245442404096,0.8410444,-1.1594,0.4287345,294,5164.6636,0.5702,F
6030079245442417920,0.8392889,0.3431,0.42842045,256,5123.6953,0.8143,M
6030050456350141056,0.702997,-1.7275,0.12099725,103,4396.383,0.5976,F
6030021452369186816,0.69913745,-1.2714,0.2177752,352,4357.921,0.8333,K
6030021452369199872,0.73440087,0.0186,0.26965275,359,4622.764,0.6979,K
6030050486340920320,0.9109574,-2.4941,0.41920462,153,5489.3755,0.5773,B
6030050486340930176,0.70680237,0.4747,0.157991,187,4427.545,0.656,K
6030079211082642944,0.86023754,-1.495,0.8617178,359,5407.4697,1.0786,G
6030079284117278208,0.8089405,-1.3928,0.40528318,314,5011.185,0.5256,G
6030021456776846208,0.7846688,-1.2087,0.38736427,325,4929.154,0.5557,F
6030021486730458624,0.8607365,-1.4932,0.3232971,115,5341.7354,0.6568,G
6030079284176867456,0.85452855,-0.4856,0.6401766,345,5277.6807,0.6974,K
6030079284176886272,0.8903744,-1.773,0.83573496,335,5518.655,1.0321,K
6030079314161931136,0.8749774,-0.8364,0.45539057,276,5198.654,0.9157,F
6030079318477041920,0.8925605,-1.4706,0.8583893,350,5522.6157,0.6089,F
6030021491136588928,0.7520339,-1.2855,0.29187182,284,4687.169,0.4787,K
6030079318477046528,0.9345901,-0.7396,0.6159315,190,5538.5312,0.6857,G
6030021525496288512,0.8284358,-1.2261,0.40359396,244,5121.136,0.5621,F
6030050589420025472,0.8559796,-1.5389,0.7403587,357,5347.5537,1.0193,G
6030021559865162496,0.8691967,-1.5427,0.760396,348,5470.3926,1.0943,F
6030050658139509376,1.2705349,-2.6599,3.5134063,302,6180.2437,1.553,G
6030079421615872896,0.91622376,-0.2705,1.3075644,359,5026.49,1.5067,K
6030021624167976064,0.8192189,-1.5753,0.3204779,176,5106.036,0.5297,F
6030021628575555712,0.88014966,-0.3106,0.85188097,358,4721.753,1.4307,G
6030021658527637120,0.78371775,-1.2564,0.38286132,309,5038.265,0.7893,F
6030050593789183488,1.3238372,-1.2081,4.2292533,297,6220.5835,1.3016,G
6030050696800149760,0.87295747,-0.5848,1.037221,359,5443.9844,0.7205,G
6030021662935307520,2.3695743,-1.4665,37.41666,169,10014.063,1.9905,A
6030021662935318272,0.8816382,-0.5839,0.6978621,336,5437.607,0.714,K
6030021727247199360,0.8681395,-1.0584,0.6801477,330,5408.0693,0.6283,F
6030079559054826240,0.94360495,-0.3144,0.5194818,125,5602.0293,0.8647,G
6030079589043683968,0.8683509,-1.5341,0.60990494,348,5243.0356,0.9603,K
6030021727249536000,0.7293267,-1.0802,0.17879894,164,4561.906,0.4868,O
6030050795578464640,1.1014718,0.3117,1.3737397,225,7972.642,19.7469,B
6030021731655395072,0.90085405,0.0653,1.0370697,359,4798.812,1.5186,K
6030050799947628800,0.90327966,-0.5362,1.1284375,359,5105.153,1.4239,K
6030050799947630080,0.8533883,-0.7152,0.7048772,352,5312.756,0.6608,K
6030050799947633408,0.88862026,-0.4632,0.8528236,350,5511.7183,0.7583,G
6030021795966704384,0.865166,-0.7328,0.39373296,160,5264.5776,0.6431,F
6030021800374270592,1.0110519,-0.9153,1.5754372,356,5878.701,0.7912,G
6030050868599431168,0.75626385,-0.0955,0.21898848,191,4669.322,0.6527,K
6030079662074389376,0.8235801,-0.0058,0.28082374,146,5007.591,0.7195,K
6030050898657728896,1.1578852,-0.9652,2.3469846,310,6130.166,1.3172,F
6030079692119102464,0.9366409,-0.5038,1.3580222,359,5481.8228,0.7353,K
6030021869054569216,0.8528302,-0.4332,0.7536249,355,5367.692,0.7306,G
6030079696493737344,0.91036105,-1.0267,0.8916428,350,5637.985,0.6538,G
6030050937386640768,0.9356943,-0.4656,0.58561265,159,5506.099,0.9369,G
6030021899083046400,0.6424969,-0.8114,0.09641718,337,3762.082,0.5994,M
6030021903414303104,0.7801032,0.4214,0.29089278,245,4851.011,0.7603,K
6030021903453509504,1.4192612,-0.5939,5.110161,216,6804.237,1.4149,F
6030079829558192512,0.939509,-0.9651,1.1514243,360,4802.2725,1.0211,K
6030021972173020288,0.7365935,0.3497,0.24502106,298,4580.199,0.7161,K
6030022002121536512,0.8779846,-2.4201,0.4757215,346,5130.453,0.9374,M
6030022006532766848,0.8482892,-0.4044,0.56788415,337,5203.6562,0.9427,K
6030051040465870464,0.90388364,-2.3372,0.46972716,131,5350.349,0.8298,O
6030051070456421376,1.2537401,-1.7731,3.3113275,298,6194.7075,1.6259,F
6030051070460707584,0.81067705,-0.0903,0.6246587,352,5127.0464,0.8851,G
6030051074757330432,0.73214674,-1.1574,0.28848657,343,4621.625,0.8878,K
6030022040892507264,1.394235,-0.1434,5.313737,290,6296.4897,1.732,F
6030022105202004096,0.73292243,-1.3149,0.2884383,350,4542.4805,0.4569,K
6030079902652686592,0.8526533,-0.2205,0.6859435,342,5205.6504,0.7247,F
6030079932645049728,0.70064324,-1.9244,0.16417632,237,4390.4087,0.71,K
6030079937011959808,0.8040061,-0.9496,0.34054577,237,4957.649,0.5745,K
6030022139560520704,0.7178318,-0.7944,0.23179598,291,4454.3433,0.5211,K
6030050971746374016,0.76187104,-0.6473,0.32691026,284,4658.548,0.5697,K
6030051139175942784,1.1066059,0.1657,1.2206928,128,6002.9062,1.0395,G
6030051139184095360,0.9196533,-1.4396,0.5159866,151,5475.723,0.5845,G
6030022173923844480,0.8281752,-0.9877,0.28629276,125,5206.9854,0.6788,F
6030079971371694720,0.77507734,-1.5527,0.3329541,338,4945.24,0.8997,F
6030080001356885632,1.2342281,-0.804,2.5307095,195,6409.4727,1.1555,F
6030080005671937920,0.7039729,0.0017,0.13277534,116,4327.011,0.6192,K
6030051143545026432,1.7864798,-0.5342,11.396415,142,8309.191,1.7482,A
6030080005671975296,0.8170299,-0.1389,0.28736684,193,5010.671,0.7689,K
6030080035746873600,1.8684188,-1.118,17.732948,253,7170.1045,2.3585,F
6030051207895436800,0.79548335,-0.8926,0.39401028,283,5021.454,0.5741,F
6030022242639727104,0.7354737,-0.774,0.2721871,292,4795.415,0.5678,F
6030080070076457728,0.8197939,-0.476,0.34789118,275,4973.274,0.804,K
6030080070076470144,0.832953,-1.0442,0.5325246,356,4566.328,0.8822,K
6030022276999474432,1.1697459,-0.3503,2.5157738,326,6069.432,1.4138,F
6030022277005341696,0.76396734,-0.3258,0.26536947,309,4788.239,0.7057,K
6030022311359216384,0.75260997,-0.5983,0.392192,340,4611.639,0.6169,K
6030051280983986176,0.9380797,-0.8986,1.0847995,342,5898.3105,1.7106,G
6030051310974723968,0.78882265,0.2629,0.3488609,351,4870.5576,0.7892,M
6030022380082310912,0.7235779,-0.899,0.25667655,309,4505.5176,0.6097,K
6030080177530671104,0.98297393,-0.4969,1.388166,357,5811.1514,0.894,G
6030051345342520832,0.77077055,-1.4466,0.53771806,352,4775.808,0.4724,M
6030022414438452992,0.7224795,-1.0607,0.25193167,331,4573.458,0.498,K
6030022414438458112,0.89173895,-1.445,0.9382758,359,5509.8784,0.5923,G
6030022414439016576,0.81453955,-1.862,0.33725107,194,5036.031,0.5003,G
6030080241874968448,0.8220487,-0.3926,0.4822268,322,5144.2925,0.6646,K
6030022315770503168,1.4769672,-0.6183,5.900355,206,6937.5264,1.4743,F
6030022418849697920,1.4125415,-0.0935,5.5110536,271,6452.899,1.7416,F
6030051414053885952,1.0967124,-0.7614,1.0667876,125,6010.8867,0.8551,F
6030051418423000960,0.7175368,-0.4206,0.14357482,103,4467.671,0.5995,K
6030022483162299264,0.8912833,-2.9329,0.74013144,323,5542.51,0.685,B
6030051418423034240,0.8301791,-1.4786,0.2773416,112,4989.1455,0.6878,F
6030051448413651712,1.0854379,-0.7481,1.2273672,175,6007.736,0.9568,G
6030080276234698496,0.8702285,-0.6304,0.86704403,358,5515.19,0.7108,K
6030080310594496128,0.73278373,-0.4304,0.19158176,189,4565.9146,0.5967,K
6030022556288588544,0.80423075,-1.906,0.27851936,173,5011.466,0.4924,A
6030022586240802816,0.81846136,-0.3689,0.5395714,354,4886.0664,1.0158,K
6030080344961925376,0.68382335,0.1136,0.16423552,270,4325.2964,0.6439,K
6030080349329127296,0.69821835,-2.5116,0.15491691,193,4396.4263,0.6758,A
6030080379313970816,0.7174745,-1.3909,0.22204812,296,4492.4326,0.8189,G
6030080379314026112,0.78529024,0.0225,0.2994583,213,4834.236,0.7765,K
6030080379314037120,0.6919,-0.8912,0.20069227,343,4338.481,0.8599,K
6030051521540383744,0.7643691,-0.3179,0.33588076,311,4728.3154,0.6486,K
6030022625008440960,0.7999402,-2.9422,0.30155715,226,5058.0024,0.4896,K
6030051555862012416,0.88930637,-0.5833,0.41865334,145,5448.2983,0.7525,K
6030022693688573056,0.93297,-1.964,0.9540899,331,5639.545,0.6183,G
6030022693727578496,0.57929003,-0.8997,0.08184829,238,3721.866,0.544,K
6030022723679837184,0.9047888,-1.5796,0.3832483,116,5356.065,0.5691,G
6030022723679867776,0.8729344,-1.1948,0.6694279,333,5465.26,0.6048,K
6030080482393204736,0.8917109,0.0359,0.30943403,131,5327.903,1.6047,K
6030022728087293440,0.9062265,-1.7132,0.95131075,356,5529.408,0.591,G
6030051654578407040,0.86946416,-0.4299,0.6594169,342,5258.2812,0.7076,G
6030022758037284992,1.5270226,-0.1264,7.66587,267,6581.2134,3.0891,A
6030022762447065856,0.53357244,-0.0548,0.047318205,192,3630.2717,0.5009,M
6030051688938133760,0.7346105,-1.036,0.39794493,352,4643.4883,0.5074,K
6030051688938151424,0.8400628,-0.4032,0.66663396,354,5258.134,0.7213,K
6030022792401423744,0.7055436,0.0088,0.14535694,126,4423.432,0.7636,K
6030022796806799744,1.3800136,0.438,12.896914,352,4728.687,0.8871,F
6030022796807153152,2.3418932,-1.4045,36.72537,181,9837.497,2.0779,A
6030022826759021568,0.8195575,-1.4514,0.571858,330,5070.942,0.529,F
6030080555487649280,2.9905465,-0.01,135.51933,287,9413.3545,4.2851,A
6030080585472496896,0.92009705,-0.4301,0.7547739,288,5570.956,0.7952,K
6030051723291346944,1.076105,-0.9699,1.5634859,301,6003.2656,1.2053,G
6030051723326314624,0.7797862,-1.0525,0.22289294,130,4796.0522,0.5275,K
6030022861118775936,1.5088735,-1.2569,4.5518394,124,7298.391,1.3999,F
6030080619832227584,0.8602651,-0.3199,0.880829,359,5422.6694,0.7716,K
6030080624207104640,0.73561263,-1.1337,0.2836221,325,4418.2505,0.8393,K
6030080654192061440,1.0388966,-0.4882,1.4768469,322,5918.0664,1.1642,F
6030022929838296960,0.7171267,-0.0154,0.1291609,119,4473.927,0.7627,K
6030051757651065728,0.8364501,0.0007,0.5777561,355,4978.2075,1.06,K
6030051757651078656,0.9054457,-0.9759,0.9777036,357,5568.0327,0.6877,K
6030080658566838528,0.89501464,-0.7228,0.8801898,344,5608.9717,0.7242,G
6030080658594753536,0.832674,-0.784,0.6734989,353,4814.09,1.263,K
6030080688551757440,0.88060015,-0.7975,0.7419345,354,4646.602,0.552,K
6030051761952550016,0.9769612,-1.6503,0.8518857,297,5769.231,1.0702,O
6030022934245762304,0.8447265,-1.4356,0.53726625,316,5199.4526,0.5503,F
6030080688551790592,0.873467,-0.7212,0.6470475,320,5405.588,0.6853,K
6030080688555349632,0.71775824,-0.7784,0.23303044,334,4472.333,1.1588,K
6030022964198036480,0.697887,-1.2438,0.22366464,348,4403.2666,0.833,K
6030022964198041600,0.6514674,-1.0003,0.114777066,215,4189.4736,0.4471,K
6030051796312292224,2.5786488,-1.4854,48.934593,146,10908.416,1.9819,A
6030023002965268864,0.9346938,-0.4862,0.7579983,274,5573.452,0.7139,G
6030080727286626688,0.93551576,-0.5709,0.56385016,342,4927.9717,1.0226,K
6030051826378771328,1.093415,-1.4964,1.4021119,222,6022.7085,1.1543,F
6030080757271222016,0.76302487,-1.8317,0.2238443,217,4821.5537,0.4414,F
6030080757274825728,0.60395664,-2.4295,0.08932865,286,5128.885,0.5052,B
6030051830739921024,1.1628746,-0.4379,2.452043,329,6058.024,1.4089,F
6030080795948263168,1.2049912,-0.3781,1.6923944,119,6326.5996,1.1268,F
6030023071684523904,0.8605555,-3.1959,0.6675335,324,5354.6187,0.5558,K
6030051830739930752,0.64126843,-0.6909,0.08645163,121,4171.6416,0.7656,K
6030080830365513472,0.9096081,-0.5097,0.92643964,359,5236.112,0.6893,K
6030023140364651264,0.6601492,-2.4205,0.11956121,235,4331.2466,0.6755,K
6030023140404049152,0.6870112,-1.4969,0.17167297,279,4431.246,0.7847,K
6030080860350546048,0.75320864,-0.3608,0.23334341,231,4667.231,0.6332,K
6030080860350546176,0.78340197,0.226,0.27548173,224,4829.92,0.7425,K
6030023174763763712,1.376775,-0.7588,2.6864038,117,6776.4834,1.628,F
6030023174764215296,0.7230491,-1.3211,0.21180075,266,4618.5864,0.7341,K
6030023204718294016,0.7442279,-1.2895,0.16270775,136,4631.6143,0.4741,K
6030051899391732608,0.75770235,-1.5528,0.33299705,222,4742.913,0.4583,G
6030051899391826048,0.8196802,-0.874,0.4810299,317,5147.7954,0.6161,G
6030023209123492608,0.8028548,-0.8313,0.25606444,122,4990.2524,0.6872,K
6030023243483261696,1.3496057,-0.2634,3.8605313,191,6714.689,1.3661,F
6030023277842998912,1.4642153,-0.3358,4.4369764,116,7116.146,1.3475,F
6030023307796022400,0.6975566,0.0071,0.14324935,154,4381.5454,0.6435,G
6030080899084957440,0.9843735,-1.0465,0.7215175,184,5719.117,0.6874,F
6030080929070116608,0.9521425,-0.2897,1.1396629,339,5693.395,0.9271,K
6030052002472400768,0.76857924,-0.3188,0.29107273,296,4788.8535,0.7842,K
6030023342155105280,1.072857,0.4988,1.5319364,294,6003.496,1.1506,K
6030052032529012736,1.6913224,-0.3439,7.83324,102,8149.669,1.6507,A
6030023346562497920,2.3863661,-1.4423,39.989334,185,9959.042,2.0898,F
6030023273435613696,0.7808894,-1.51,0.40818763,353,4903.9014,0.4962,F
6030052066893109120,0.7636813,0.1462,0.35853767,351,4744.1084,0.6983,G
6030080997789648896,0.88383335,-0.3756,0.6883811,322,5404.457,0.9424,F
6030052101248505472,0.83955944,-1.0329,0.5729178,343,5194.557,0.5861,G
6030052101248524672,0.79379034,-0.9446,0.41256177,338,5060.1353,0.5849,G
6030023445234327808,0.8316594,-1.3786,0.54237485,341,4877.6377,1.0122,K
6030081002164230144,0.8824652,-0.835,1.0024424,359,4713.2065,1.1774,K
6030081032149249152,0.77444375,-2.2362,0.24158026,187,4885.361,0.4546,A
6030052105617911680,0.86847836,-0.521,0.52984744,292,5250.268,0.6869,K
6030081036466562432,0.70733565,-1.3995,0.19765426,333,4471.997,0.8171,M
6030052139977672320,0.90017176,-0.0661,1.1935071,359,4901.7617,1.5613,K
6030023449641726464,0.9182591,-1.0831,0.70864034,291,5539.2944,0.6269,F
6030052139977643776,0.8597423,-1.5731,0.69755715,344,5372.338,0.9821,G
6030052169967975808,0.7913915,0.3346,0.34845182,307,4949.6865,0.8112,K
6030023513953832576,0.9811787,-0.388,1.3907737,358,5770.992,0.9514,G
6030023513953848960,0.94961417,-1.5442,0.76964355,359,4926.1675,0.8904,F
6030081066509050880,0.75534666,-1.658,0.1842531,188,4855.0073,0.8623,F
6030052208696973824,0.84598625,0.261,0.79923165,357,4969.5625,1.0817,K
6030081070826358784,0.72935593,-1.0067,0.25134864,328,4575.0728,0.5071,M
6030023582710507008,0.8035733,-1.5194,0.3891269,301,4936.6606,0.5035,G
6030081070883736320,0.8681334,-0.6009,0.7145244,341,5331.1797,0.6533,F
6030023617058487936,0.74679285,-0.9068,0.29193765,328,4817.281,0.5548,K
6030081100868805248,0.85962033,-1.4207,0.57129747,328,5278.8164,0.561,F
6030081100876167808,0.82679856,-0.6768,0.5734909,353,5017.351,0.6071,K
6030081105186220800,0.8653878,-1.8329,0.65223265,348,5252.707,0.5458,G
6030052277416555392,1.667691,-0.3087,11.471167,290,6353.7485,2.8909,G
6030052307406958080,0.90378284,-0.3186,1.1878434,359,4944.836,1.4874,K
6030081139545986944,0.85808104,-1.9911,0.76524717,356,4937.398,0.9888,M
6030052341766716032,1.0773231,-0.5198,1.1742897,164,5958.8076,1.1377,F
6030023655800145792,0.86682975,-0.2044,0.77438486,354,5410.219,0.8185,K
6030023685752611200,0.8469161,-1.0323,0.61705065,356,5065.052,1.0084,K
6030023685753149952,0.74408644,-0.2565,0.26515087,355,4635.9795,0.8148,K
6030023685753371008,0.85253054,-1.2028,0.6557717,356,5128.5073,1.048,F
6030052376126451328,0.8389328,-0.5343,0.5847617,348,5159.4546,0.9771,G
6030023754497655168,0.81629854,-1.43,0.430186,286,5062.119,0.5252,F
6030052414855476608,0.89956933,-1.5046,1.0004797,359,5578.5366,0.6255,G
6030052444876198400,0.7521946,-1.2274,0.27432722,302,4698.3833,0.4878,B
6030081208265421696,1.0005431,-1.7988,0.72900134,122,5740.554,0.6516,B
6030052449215283456,0.8860966,-0.4985,0.72354364,334,5535.835,0.7524,K
6030023823191615744,1.2389692,-0.3747,3.1514242,299,6548.827,1.4663,F
6030052483507474816,0.7761005,-1.2072,0.23225978,179,4858.439,0.5131,K
6030052513565441792,0.9192178,-2.4644,0.49889427,139,5478.2427,0.5788,K
6030023861919402368,0.87483925,-1.7765,0.7177758,348,5379.0225,0.5673,M
6030052552294557952,1.7660971,-1.0614,11.048941,149,8222.228,1.6886,A
6030023926272046464,0.75721,-1.5004,0.4715785,359,4799.1836,0.891,K
6030081272690312320,2.2548313,-0.9256,53.046463,278,5434.4497,2.4223,M
6030052582293092992,0.8678384,-1.096,0.7952183,357,5499.8784,0.6316,G
6030052616644694912,0.76444674,-1.4205,0.2631704,258,4741.4346,0.4759,K
6030023965038240768,0.80335015,-1.5722,0.2506697,119,4901.786,0.6969,K
6030052651004424192,0.74191993,-1.0713,0.26789623,299,4615.2227,0.8834,K
6030052651004433792,0.91726524,-0.5945,0.64298004,241,5486.902,0.7244,K
6030052655306329600,0.86284655,-1.4909,0.7854632,350,5305.2188,0.5706,G
6030023999397970944,0.77311623,-2.0421,0.2110648,158,4755.7515,0.5608,F
6030052655410560512,1.098185,-0.9791,1.0552568,109,6004.4785,0.981,F
6030052685364200448,0.66495997,-1.1688,0.09418054,120,4272.431,0.5896,K
6030081341386811264,0.7216189,0.0106,0.1975412,233,4500.1685,0.6413,K
6030081341386822528,0.8425428,-0.6493,0.50325805,312,5151.799,0.6462,F
6030052689733496192,2.9115636,-0.6679,115.74362,270,9862.35,3.5926,B
6030024068117458176,0.9084699,-0.376,1.1542138,359,4966.6934,1.4328,K
6030081345704514048,0.93697226,-0.2233,0.47731608,117,5397.777,0.7857,K
6030052724093244032,0.8681374,-0.5318,0.63663775,341,5229.539,0.7982,G
6030081375776684928,1.087639,-1.3036,1.8351983,329,6008.653,0.9458,F
6030024136836544128,0.7890444,-0.8528,0.3499385,287,4955.018,0.5811,K
6030052724093270400,0.7921818,-0.1915,0.47262272,339,4981.846,0.6973,K
6030052754083544832,1.3643202,-0.1386,4.8646674,308,6180.271,1.5463,F
6030052754090154112,0.7876851,-1.4439,0.22935756,168,4890.164,0.4993,K
6030052754118488832,0.7997996,-0.0498,0.30005875,200,4805.627,3.799,K
6030081380149300864,0.8491898,-1.019,0.5965419,348,5237.239,1.0371,G
6030024171196289024,1.4697988,-0.1094,6.650354,304,6213.3716,2.2756,F
6030024171196307712,0.9802367,-0.391,1.1515079,324,5853.492,1.0607,G
6030024269868123520,0.7368312,-2.4564,0.1652433,148,4845.5576,0.8258,F
6030052861532187776,0.8379859,-0.2964,0.33000317,155,5094.679,0.6668,F
6030024274275523456,1.4849159,-0.378,5.9973598,202,6989.0483,1.6505,F
6030024304227937920,0.68241334,0.004,0.15174824,261,4292.57,0.6236,K
6030081448840903296,0.8554051,-1.1922,0.6837665,347,5388.35,0.5905,G
6030052891522538368,0.6644731,0.0027,0.105158225,136,4224.855,0.6064,K
6030081478833287680,0.76574194,-0.3087,0.33097628,338,4736.879,0.6501,K
6030024372947483776,0.86769193,-1.9319,0.45613843,227,5250.804,0.531,F
6030052964611475584,0.7744451,-1.5044,0.21976961,119,4807.532,0.6767,G
6030052964611490176,0.62752914,-1.9661,0.07902914,113,4190.0674,0.5643,K
6030081483200653056,0.84989774,-0.6787,0.82588965,359,4919.8647,1.1137,K
6030081483200877312,0.8630061,-0.7898,0.50358015,289,5226.0176,0.9162,F
6030081513185623424,0.713074,-0.3825,0.16029483,181,4455.2114,0.8245,K
6030081513185655424,0.86045676,-0.6902,0.87115955,359,5460.9863,0.6835,G
6030024441668934400,0.88110614,0.0314,0.6226308,358,4704.898,1.1267,K
6030081547545437952,0.837203,-0.9513,0.5379222,333,5164.9297,0.6071,K
6030081547552763520,1.0880008,-0.9207,0.99531513,188,6006.3906,0.8193,F
6030024480434041088,1.4098512,-0.2372,5.6203675,316,6157.3374,2.0905,F
6030053067727781632,0.7651143,-1.5271,0.35471392,308,4774.5576,0.468,K
6030081551863085184,0.7019035,-0.9579,0.18055703,261,4387.493,0.4809,M
6030053101983498368,0.8417832,-0.1766,0.8335879,358,5246.194,0.9328,K
6030024514793765376,1.7321812,-0.4321,13.28331,274,6674.449,2.6663,F
6030024514793781376,0.8700904,-0.4456,0.7222096,344,5445.2275,0.7401,F
6030053132040726272,1.2757357,-0.4227,3.5820167,293,6469.268,1.72,F
5961406777194137600,0.68093336,0.2934,0.115060985,100,4290.44,0.6531,K
6030024549153476224,0.9241065,-0.0706,1.0091919,334,5637.4927,1.0355,G
6030081551920159616,0.9036418,-0.4506,1.060416,359,5219.3086,1.2187,K
6030081581905012736,1.1060591,-1.452,1.1986188,125,6029.027,1.113,G
6030053166408635904,0.814955,-0.1593,0.7523437,333,5123.2114,2.0221,G
6030053170769979392,0.9532899,-0.6594,0.64190215,148,5764.8433,0.814,G
6030053170806956544,1.0307828,-0.7534,1.4030349,319,5960.2764,0.8936,F
6030024613465672448,0.9386494,-0.3395,1.3431015,359,5459.1367,0.7887,K
6030081616272235904,1.8136756,-0.5943,10.581384,110,8747.454,1.58,F
6030024617872998272,1.608645,-0.1929,9.57746,263,6667.689,2.5668,F
6030053205129746816,1.1312014,-0.5343,2.1878986,327,6099.9194,1.1587,G
6030053205129780224,0.6471465,-0.4009,0.11051131,248,4157.1904,0.5414,K
6030053205129789440,0.8729968,-0.2621,0.827557,356,5407.731,0.7939,G
6030108283803657344,0.8402182,-0.4234,0.8008014,359,5354.639,0.7332,K
6030108313783995136,0.8505164,-0.8374,0.5774859,324,5355.1533,0.6273,G
6030108318163436672,0.7663595,-0.1696,0.30199432,286,4862.868,0.771,K
6030108348143825664,0.9335086,-0.5195,1.2188156,359,5513.0527,1.258,F
6030108352468359936,0.6991708,-0.3389,0.19945098,276,4360.6587,0.798,K
6030081620639650688,0.67094773,-1.3354,0.28691134,339,4290.1694,0.5666,K
6030081650624547584,0.7044272,-0.4945,0.13008218,123,4422.8394,0.5447,G
6030024652232748160,1.0959879,-1.0345,1.3519199,198,6018.3257,1.0647,F
5961493398100175104,1.6604762,-0.4045,11.179099,280,6511.662,2.6107,F
5961406845913840128,1.6987349,-0.3168,8.8174305,128,8043.1914,1.5634,F
5961406875909984640,1.354674,-0.1011,4.538483,266,6445.694,1.7634,A
5961493428093752192,0.8038504,-1.4924,0.25087902,112,4884.331,0.6776,F
6030053269479713792,0.70815355,-1.3068,0.18813407,249,4432.959,0.8693,K
6030108386827106688,0.8140565,-1.4612,0.23114274,152,5013.8403,0.5143,F
6030024686592368128,1.0034553,-0.5011,0.8769215,199,5768.11,0.8871,G
6030081654999421696,1.1671216,-0.1149,1.506536,112,6286.57,1.0687,F
6030108386882877952,0.837866,-0.1795,0.5561415,336,5159.599,0.8709,K
5961406841550240256,1.4631654,0.0158,4.7978053,141,7060.977,1.5449,G
5961406880273384960,1.8019298,-0.3211,12.836894,216,8043.2666,1.8776,F
6030024720918292224,0.80187494,-0.3738,0.3703294,298,4939.0435,0.6468,K
5961445775500843392,1.8163549,0.0323,16.37181,266,6935.7363,3.6569,K
5961445775500847360,0.93745995,-0.5342,1.1148145,351,5679.1763,0.7936,F
5961406914582371328,0.7170088,-0.825,0.1713669,167,4579.8726,0.99,K
6030024720952499968,0.96003157,-1.4975,0.6871906,358,4393.282,0.8099,G
5961445839854450816,1.8900114,-0.0205,19.521118,281,6802.033,3.1105,K
5961406914633091712,1.3452057,-0.3232,4.1295686,158,6813.3794,1.606,F
6030024750904634368,0.78162897,-1.1685,0.31707564,328,4889.23,0.9092,K
6030024750906582528,0.857925,-1.246,0.5196764,327,5189.7627,0.9697,G
6030108421242032128,0.7175131,0.0936,0.17223634,185,4500.361,0.7649,K
6030108451219217152,1.3228929,-0.3469,4.1976404,289,6290.823,1.5335,F
6030108451223095936,0.719798,-1.1812,0.1577705,181,4559.392,0.4771,G
6030053342568599040,0.7028452,0.2526,0.1466755,152,4377.7803,0.7614,K
5961493466819723904,4.4322176,-0.7748,458.80377,203,15008.646,3.1276,M
5961445874214199424,2.2022946,0.2714,109.27535,332,4810.032,2.568,K
6030053376928364544,0.7954628,-0.6525,0.24395698,141,4880.568,0.5879,K
5961406983352577408,1.4354732,-0.0003,6.021298,291,6294.855,2.1658,K
5961406983352590976,2.2559216,0.651,32.702625,194,9425.201,2.0564,O
5961407013348388608,2.3840954,0.4909,53.731014,288,7728.8257,3.6213,M
6030081753703955456,0.8106468,-1.6369,0.29265156,169,4987.831,0.5016,F
6030081758021576320,0.8861396,-0.952,0.74617404,359,4946.3643,0.5718,K
6030108485582841344,0.70532095,-1.1755,0.16509287,171,4508.9424,0.7883,K
6030108485582883584,2.7016742,-0.9561,78.72362,246,9982.876,2.9238,A
5961493501179469568,0.747649,-0.9293,0.21674953,212,4656.5176,0.5331,K
5961493501179474688,2.7923324,0.752,115.0614,340,9131.692,3.6151,M
5961493501179476096,2.1285808,0.4425,31.206762,263,7961.0605,2.8482,K
5253590703583342592,1.3588223,-0.4581,5.0946536,339,6057.738,1.2348,F
5253590703583343232,1.4852079,-0.6089,6.0780306,207,6864.4355,2.1521,F
5253590703583348864,1.1377995,-0.816,2.4646564,343,6005.2036,0.9172,G
6030081758078609408,0.7253528,-1.6484,0.23661257,237,4566.6313,0.4094,K
5253590703583351040,1.5690573,0.7941,8.064965,231,6960.5186,2.0589,F
5961493535539238016,1.6956183,0.0265,10.1153345,186,7575.8145,3.1447,F
5961493569898988032,1.538566,-0.4956,7.6165977,241,5220.9336,2.648,K
5961493569898993920,1.5579203,-0.2558,8.186931,254,6740.8086,2.2023,F
5253590772302826496,1.2719445,-0.1318,3.4044034,265,6379.0454,1.2447,G
6030108519947885312,0.97770303,-0.7471,1.2514434,340,5758.9785,0.7803,F
6030108519947886208,0.88071144,-1.4741,0.5817467,346,5210.6196,0.9356,G
5961446046012940160,2.4395082,0.5727,58.148415,286,8076.5273,3.7677,K
5253590806662466560,1.3977497,-0.148,5.3409157,281,6304.587,2.4421,K
5253590806662471168,1.4126811,-0.9042,5.150073,232,6709.6367,1.7039,F
5961493599892446464,1.8617902,0.5235,16.09994,220,7821.818,2.9274,F
5961407082067969280,1.4286997,-0.2085,5.7048125,262,6507.913,1.9609,F
6030053441278454528,0.8170176,-2.0824,0.5685475,336,5003.1064,0.8891,G
6030053441278482432,1.2982162,-0.6533,3.8479967,289,6282.93,1.3939,F
6030081792438375808,0.86615133,-0.3587,0.66273093,336,5362.576,0.7427,G
5961446080372729472,1.343557,-0.0253,3.4016519,155,6700.2983,1.263,F
6030024853983934080,1.233691,-0.7623,3.2202353,338,6073.185,1.4204,F
5961493634252200832,1.8083463,0.7825,14.458955,224,7736.326,3.1129,F
5253590841022222592,0.90572315,-0.762,1.0464195,360,5590.057,0.6733,G
5253590871049267584,1.8914945,-0.4889,16.271137,196,8214.697,1.7331,A
6030081822423478912,0.81248224,-0.9973,0.4835689,320,5065.619,0.58,F
6030108524321886976,0.88696706,0.117,0.8685203,358,4954.7896,1.0909,K
5961407086431794816,2.174362,-1.9657,26.327957,169,9396.894,1.8022,M
5961407086431800192,1.5699054,-0.0292,7.1791277,176,7418.6494,2.7485,F
5961407086431801728,1.3355489,-0.2935,3.036944,147,6660.588,2.0379,F
5961493638618443264,1.447829,0.0054,6.2200723,283,6366.9507,2.1306,K
5961493638618418816,0.6443749,-0.7429,0.12129954,294,4111.85,0.5984,K
6030053445647822080,1.2098868,0.2292,2.1873105,174,6314.701,1.2187,F
6030108554302362624,0.83845264,-0.8306,0.4744411,318,5126.8237,0.9202,F
5961493462453529088,0.8129059,-0.3567,0.4913805,360,4736.0444,0.8652,K
6030081826798105344,0.97336984,-2.1274,1.2990249,350,5739.996,0.6445,B
5961493672978169472,1.6498976,-0.2884,10.706338,264,6371.4717,3.2565,K
6030053480007561600,1.0650676,-0.5188,0.9942553,129,5883.9966,0.9587,F
6030053480007600512,0.8887263,-0.1033,1.0875927,360,5156.966,1.306,K
6030053480007603840,1.0173744,-1.0121,0.86101454,152,5846.793,0.7487,F
5961493672978179712,2.3696837,-0.0713,48.338554,259,8734.33,4.3017,A
5253590875381950464,0.6593304,0.1111,0.14514342,354,4166.293,0.6297,K
5253590905410281728,0.7269974,-1.3901,0.1642362,170,4627.276,0.843,F
6030053509997968000,0.73806834,-1.4964,0.2748136,279,4594.963,0.5938,K
5961446119097826304,1.6086321,-1.3895,9.058834,225,4826.437,1.0536,O
6030024892751202688,0.82243305,-1.6151,0.26141223,129,5024.38,0.5152,G
6030053514367359104,1.0894437,-0.7544,2.1466439,356,5997.231,1.3629,F
5961407120791538944,1.5468532,-0.1816,5.370976,139,7451.372,1.486,F
5961407120791560192,0.9109511,0.0372,1.1454448,359,4708.6445,1.6132,K
6030053544357657216,0.89273244,-0.5159,0.962723,359,5543.085,1.0209,G
5961493771694978432,1.6925511,-0.3617,7.72016,102,8232.615,1.3729,M
6030108593041372544,1.9292214,-0.0749,14.5737915,119,8995.948,1.537,A
6030108593041375104,1.3768979,-0.242,4.9990864,292,6243.859,1.8837,F
5253590944101453056,0.71948534,-0.383,0.15700047,116,4494.724,0.5922,K
5253590974128494080,0.7739073,-0.7789,0.28189412,307,4816.67,0.5741,K
6030053578717421952,0.85292226,-0.4028,0.73909056,355,5368.8916,0.7484,K
6030053578717422592,0.78932244,-1.0167,0.32517317,301,4841.747,0.543,G
6030108623027099648,2.223868,-1.2745,25.143232,107,10061.73,1.6541,A
5961493776057447680,2.0201652,-0.3474,18.09543,129,9252.966,2.2769,A
6030024927110941312,0.8067632,-1.9318,0.26765493,117,4853.64,0.7129,F
5961493776057427328,1.6543101,-0.856,8.481424,151,7846.358,1.5235,A
5961493806050820352,0.93178344,0.6438,1.5499572,359,4806.7695,1.6145,K
5961493806050821248,0.80458754,-1.3785,0.7750185,359,4689.73,0.8972,K
5253590978461211904,1.6350497,-0.7937,7.333642,112,7954.49,1.4227,A
5961446222177455616,0.9328613,-0.3193,0.86483455,301,5610.675,0.8523,F
5961446252171443456,2.2289317,0.3079,71.58426,316,4747.78,3.0555,K
6030024957099948800,0.8889959,-1.5247,0.59641445,280,5377.0205,0.588,M
5961407185147069696,0.9581971,-1.3045,0.9310902,359,5025.5137,0.5354,F
6030053613077178624,0.95571035,-1.2847,1.0673829,360,5406.769,0.5878,K
5961407185147145600,1.557914,-0.1255,7.9018426,236,6878.457,2.3099,G
6030081891141475840,1.5537363,-0.3376,7.6868243,229,7038.53,2.2301,F
6030081891142900352,0.8701648,-0.7229,0.69140834,353,5253.6587,0.6469,G
5961493810417181184,2.3088238,-0.4323,31.569704,150,9690.459,1.8744,O
5961493810417203072,0.80089587,-1.2402,0.23556538,137,4910.607,0.5294,K
5253591012820931840,1.43785,-0.7032,3.9847476,109,7071.8936,1.426,F
5253591047180679040,1.4914463,-0.6449,6.721869,250,6698.423,1.4795,F
5253591047180681088,0.72981036,-0.0256,0.2055975,261,4521.485,0.7269,K
6030024961470344192,0.6884697,-1.4521,0.18885265,312,4394.8647,0.7866,G
6030024961470364032,0.77945185,-1.2593,0.27634546,215,4698.476,0.4839,G
5961493844776960768,1.0048795,-0.4903,1.3785938,339,5838.498,0.9431,G
5961493844776973952,1.5145457,-1.0575,6.310584,190,5357.497,1.37,F
6030053647436933376,0.716085,-1.2293,0.27183557,332,4517.3735,0.4639,M
5961493874774195072,0.64999336,-0.0249,0.12070882,307,4148.782,0.6134,K
5961446320891000448,0.9772037,-0.7087,1.1737741,322,5778.4487,0.7321,G
6030081925502611840,0.854066,-0.6408,0.7103761,356,5315.8804,1.0182,G
5961493879136727680,1.5431023,-0.3761,6.704179,177,7291.543,4.0329,F
5961493909130063744,1.6042451,0.0028,9.13063,246,6903.1406,2.2059,M
5253591150260056960,0.86321366,-0.8215,0.7048066,349,5426.621,0.6318,F
5253591150260060672,1.6011623,-0.4702,8.700279,224,7147.958,1.808,F
5253591150260061312,0.8816423,-0.4304,0.5701662,266,5346.705,0.7154,F
5253591150260061696,3.3979466,-0.3147,232.73796,291,10221.896,4.7471,B
5253591180286930176,1.4559313,-0.6636,4.144187,123,7046.924,1.254,F
5961407189511037696,0.7914774,-0.5722,0.33171278,301,4881.4414,0.6227,K
5253591184619797504,1.5004177,-0.4927,6.2243233,197,7095.853,1.2109,F
5253591184619798656,1.4253982,-0.8575,4.786865,180,6895.751,1.3059,F
5253591184619804672,0.6500473,0.1799,0.107737705,252,4164.322,0.6351,K
5253591214646667776,2.5769114,-0.5338,60.64936,223,10010.711,3.8775,B
6030108661760852736,0.7420084,-1.0775,0.2538083,235,4686.1167,0.5127,G
6030108691741371776,0.7431617,-0.9884,0.20737153,198,4616.1226,0.6848,K
6030081925510027264,0.91683626,-1.5817,0.84540474,359,4972.6655,0.9138,G
6030053716156417024,0.8374909,-0.5254,0.5866194,342,4535.74,1.247,K
6030108691746579584,0.8459721,-1.342,0.36197317,230,5130.0503,0.5431,G
5961446359615999232,2.0582075,-0.1325,28.487467,291,6950.808,3.9616,K
5961446389610576128,2.3543553,0.1544,57.51778,282,4811.078,3.0093,K
5961493977849582848,2.3534818,0.7825,57.955532,349,7336.9043,4.5488,K
5961493982194364032,1.1031343,-0.3543,1.2063652,125,6019.3335,1.062,K
5961446428335476096,1.5351187,0.0007,7.61317,244,6791.1865,2.1917,K
5253591253339299072,0.81239575,-1.2029,0.48611632,342,4737.014,1.0245,K
5253591253339304576,0.8289809,-1.0476,0.59817785,343,5222.605,0.6012,F
5253591253339305344,1.141839,-1.0874,2.2708538,325,6042.453,0.9387,G
5961493982215907200,2.2368739,-0.1609,40.989056,294,7175.8696,4.0641,K
5253591283366150272,2.6133475,0.02,79.75247,302,8492.344,4.0663,A
5253591283366152448,0.88017946,-0.5856,0.8066121,354,5451.443,0.7007,F
5253591287699022720,2.9748769,0.0254,108.78837,227,11050.736,5.4635,B
5961446492704274560,1.501346,-0.208,7.1707916,268,6528.349,1.9677,F
5253591322058767360,1.4930661,-0.1831,6.6122756,237,6787.828,1.2916,F
5253591322058771328,1.3716741,-0.1702,3.4279947,118,6784.8926,1.3703,F
6030081959862437376,0.8788574,-0.5565,0.81927866,355,5324.324,0.6873,F
5253591352085620480,1.126284,-0.393,2.298668,339,6012.052,0.9125,F
5253591356378779776,0.8913812,-0.4098,0.5813149,272,5677.3804,0.8482,K
5961407253866634496,0.6871,-0.9441,0.23675354,280,4470.6343,0.886,K
5253591356433152256,1.1711888,-1.1791,1.4784467,102,6222.503,1.0362,F
6030081964179998976,0.8577993,0.014,0.34214202,116,5135.737,0.7905,K
5253639838013771520,0.96501386,-0.4571,1.304475,355,5728.525,0.8808,G
5253639838013772160,1.5833429,-0.8138,6.532728,120,7639.6646,1.4808,A
5253639838013776128,1.7419841,-0.9686,8.817549,122,8367.046,1.5263,A
5253591390778088192,1.4380955,-0.6981,5.4833636,223,6817.0386,1.5045,F
5961407288226456064,1.4680775,-0.3266,6.230211,244,6690.5654,2.0347,F
5253591425137814144,1.0642966,-0.7845,1.3196329,252,5976.666,0.8765,F
5253591425137815296,1.3482878,-0.0102,4.5297256,282,6330.1226,1.8492,K
6030053789245357952,1.0499839,-2.2375,1.0365043,172,5903.5845,0.684,G
5253639868037264128,1.1303153,-1.44,2.398276,336,6032.437,0.7869,G
5253639868037265408,0.85788214,-0.6828,0.8671364,359,5402.5854,0.7612,G
5253591425137823104,1.8414888,-0.5041,17.626093,288,6120.3706,4.0235,G
5253591425138002688,2.5921147,-3.6397,68.14403,251,7978.185,6.2033,A
5253591425138006400,1.2267097,-0.5996,3.0766141,325,6099.8525,1.4629,F
5253591459497745536,1.5769228,-0.7609,8.688901,257,6759.199,1.904,F
5961494016575669504,1.9123921,-0.2547,19.214556,246,6621.047,3.1942,F
6030053819235502208,0.74587876,-1.3148,0.41548055,348,4695.3096,0.8761,K
5253591493857312896,2.7969935,-0.2803,99.098015,274,9436.804,3.6781,A
5253591493857318144,0.9169455,-1.1745,0.7507489,304,5689.4614,0.85,F
5961407292590283136,1.7068272,-0.6381,10.28984,181,7833.5747,1.7405,A
6030082028582008960,0.92457706,-1.3493,1.3267887,359,5500.437,1.0028,F
5253639872373529600,0.80351055,-0.511,0.4443033,320,5028.748,0.6499,G
5253639872373532160,1.9088149,-0.4856,19.218805,249,7638.981,2.2121,A
5253591528217066752,1.5693837,0.0012,8.507433,259,6724.848,2.1358,K
6030053823604735488,0.8296816,-0.8382,0.3662346,200,5073.275,0.9084,K
6030053823604737152,0.74818903,-0.678,0.26295823,339,4620.2803,0.972,G
5961494115288505216,0.95795256,-0.8716,1.0790948,360,5077.6885,0.6048,K
5961446565773938560,1.4677801,-0.1386,4.6738763,129,7109.926,1.8817,F
5961446595766259840,0.9462922,-1.3916,1.1179707,360,4742.3276,0.898,G
5253591562576970752,0.72065866,-0.1221,0.20725775,296,4503.8486,0.6476,K
5253591596936706048,1.6259847,-0.3863,8.770464,199,7395.4595,1.9762,A
5253591596936710016,1.7164034,-0.5847,9.932224,157,8050.6836,1.4152,A
5253591596936711296,1.5455412,-0.3864,7.220018,207,7162.9365,1.5533,F
5253639906733279872,0.80267733,-1.4972,0.30856526,225,4881.605,0.7503,B
5253639906733282432,1.1732382,-0.4085,1.6794492,135,6179.3413,0.9084,F
5253591631296425984,1.7167299,-1.2552,10.672997,187,7664.9624,1.3811,F
5253591631296431488,1.7561045,-0.347,13.333547,238,7344.041,1.9772,F
5253591631296432640,0.88533044,-0.7756,0.8041438,343,5553.6084,0.6892,F
5961446600133690240,0.8824847,-1.5273,0.5152511,236,5254.5356,0.5571,F
5961446600133986432,2.0088148,0.7601,23.32387,241,8093.0645,2.3833,K
5253639941092995072,2.9735553,-0.1026,121.18029,258,10439.36,5.6558,B
5253639941092995840,0.87843275,-1.0583,0.4409172,167,5209.3784,0.7974,F
5253639941092999424,1.5795934,-0.5221,6.5478067,139,7578.0234,1.1912,A
5253639941093006208,1.8219774,-0.8792,20.028753,337,6334.513,2.0594,F
5961407356946025088,0.8085465,-1.4357,0.53782207,345,4973.375,0.5208,K
6030025098909640704,0.68765,-1.2426,0.12776464,131,4391.5728,0.6603,G
5253591665656171520,0.85467225,-0.9013,0.58254695,324,5312.4937,0.6352,G
6030082062941697408,0.8879788,-0.8821,0.87088233,359,5518.9517,1.0795,F
6030082062972373248,0.73594093,-1.0859,0.17174384,129,4617.955,0.6433,K
5961494154014720000,1.0409846,-0.6901,1.4055611,315,5916.7183,0.8986,K
5253591665656175104,1.4969522,0.0513,6.0407906,186,7117.674,1.6769,K
5253639941093008000,1.8221941,-0.4304,16.887367,287,6281.944,3.3957,F
5253639971116507520,0.9065151,-1.4855,0.5456993,204,5351.26,0.9387,F
5253591700015888896,1.121586,-0.8387,1.7884661,271,6073.078,1.327,F
5253591700015893248,1.5071054,-0.5788,6.3908687,201,7060.694,1.5337,F
5253591700015897088,0.82714605,-1.4836,0.5651665,332,5100.674,0.5357,G
6030053956674514816,0.9421681,-0.5528,1.0041367,322,5680.3984,0.7974,G
5961494218367766656,1.7677294,0.7317,12.496111,199,7884.0913,1.862,K
5253591734375631872,1.7279202,-0.2472,9.624276,136,8111.853,1.8439,A
5253591734375639168,2.023669,-0.1839,26.918707,300,6830.0073,3.5547,F
5253591734375644800,1.7629511,-0.7798,11.388106,164,8166.0557,1.629,A
5253591764402520704,0.65715367,0.183,0.11043938,169,4214.558,0.7682,K
5961407361309744256,1.724894,-0.2946,11.258597,201,7502.0923,1.8804,A
5961407391305714944,1.6675314,-0.1578,11.389945,278,6438.6807,2.3298,F
5961407391305736960,1.3219702,-0.0096,4.143752,279,6329.4795,1.8991,A
6030025133269381504,1.3466554,-0.8525,4.642767,339,6100.646,1.7699,F
5253591768735388032,3.210598,-1.0004,174.3672,275,7518.745,3.4133,B
5253591768735391232,1.4859924,-0.5181,6.0465016,207,6978.5894,1.1157,F
5253591768735393920,3.2338796,-0.0081,205.63559,328,9655.173,5.0204,B
5253639971156180992,1.5308001,-0.3073,7.772751,268,6564.2617,1.8863,F
5253639975452764544,0.8123844,-0.8289,0.5235879,339,5100.5786,0.6689,G
6030053961043675264,2.0338845,0.1678,28.569033,281,7098.674,4.6682,A
6030053961043700992,0.8714218,-0.499,0.67469174,339,5429.8633,0.6997,G
6030053991034251136,0.7711468,-0.3087,0.27672493,249,4763.839,0.8852,K
5253591833122027904,0.8979426,-1.8301,0.6719519,325,5491.9316,0.9568,G
6030053991034303360,0.83279246,-0.8573,0.57014126,349,5190.261,0.981,F
6030053991042372224,0.9687119,-0.1551,0.84564865,248,5694.5737,1.1334,K
5961407395669498752,1.4444482,-0.0106,5.5884542,215,6865.668,1.3319,F
5961407395678865920,1.2193066,-0.1699,2.322733,196,6350.261,1.0417,F
5961407425665543936,1.3200252,-0.0004,2.8537507,126,6661.18,1.3098,G
6030053995335835648,0.9399098,-0.7316,0.7356387,250,5523.207,2.014,M
6030108799201187200,1.4462456,-0.4992,4.2786107,115,7038.2905,1.452,F
6030108829183289728,0.75848496,-0.8429,0.32954606,359,4657.4,0.9242,K
6030025197581480448,1.4677418,-0.6578,6.656671,296,6267.0664,2.3223,F
5253591871814603008,1.2022891,-0.2229,2.505749,252,6286.3975,1.0671,F
5961407430029248384,1.5744628,-0.106,7.9726825,219,7143.349,1.3525,F
5961494291453656960,1.9418635,0.0735,20.060324,236,7911.3105,2.8685,F
5961446698845631104,2.14702,-0.3106,74.69161,305,5259.473,1.9357,B
5253640009812441088,0.83873,-1.3652,0.672444,350,5272.0396,0.5761,G
5253640009812441472,1.2274575,-0.3,3.1343899,331,6011.405,1.6119,F
6030053995403438848,0.7878795,-0.4139,0.2898107,253,4848.681,0.6276,K
5253591871814826880,0.99271154,-1.2103,0.82271236,186,5738.345,0.6894,F
5253591901867109504,0.6945323,-1.4355,0.1822895,324,4503.0845,0.5924,G
5253591906174196992,1.4572773,-0.4361,5.6323013,207,6921.4004,1.2856,F
5253591906174198144,1.4090557,-0.5304,4.616731,185,6877.6753,1.0921,F
5961407430029261056,2.0499353,-0.221,31.815207,346,6099.015,8.0177,F
5961407460025144320,2.251447,-0.3069,421.3026,322,5447.0303,1.7193,F
5961446703212894976,1.2720354,-0.6385,3.4813292,279,6483.9204,1.8916,F
5961446703212897280,0.89683044,-1.1961,0.52037823,352,5123.0566,0.8785,F
5961407464388907776,1.3105928,-0.0113,2.7152624,112,6600.814,1.3163,F
5961494325813257984,0.8234235,-0.7999,0.46746042,356,4658.7983,0.908,K
5961494325813262080,1.8890916,0.0113,17.392683,230,7830.324,2.2432,K
5961494325813263744,0.77926445,0.7502,0.34244463,299,4882.3984,0.7867,K
6030108833560926336,0.9432498,-0.8849,1.1167479,335,5702.445,0.7287,G
6030108833560927488,0.7227598,0.2563,0.16418836,142,4496.6865,0.6756,K
5253640044172197760,2.0234947,0.0466,24.664103,254,7811.763,2.2177,A
6030082136035736320,1.3673664,-0.816,4.9283247,325,6122.236,1.7118,F
5253640074212600448,1.8877562,-0.263,18.539248,255,7415.929,2.6787,A
5253591974893671680,1.1087481,-0.6983,1.3280439,158,6035.892,1.0506,F
5253591974893672832,1.670526,-0.0061,10.614501,234,7827.449,1.6928,F
5253592004920678528,1.7630404,-0.6365,13.710188,243,7332.463,2.2783,F
5253640112857052800,0.8220744,-2.0264,0.31544876,187,5118.1904,0.5038,F
5961494390166452224,1.4779589,0.0383,4.29454,145,7144.8237,1.4089,K
5253592073640162176,1.0234022,-0.3378,1.2873065,309,5951.9746,0.9274,F
5961407533108414592,1.520164,-0.1337,6.7786546,210,7050.4604,2.1859,F
5961407533108432384,6.766581,-0.5024,2766.0754,261,6090.2827,5.6468,K
5253640112891673472,0.8907096,-0.3948,0.7472247,330,5721.2773,0.8293,F
5253640142915210368,0.8504985,-1.1098,0.65212566,353,5309.403,0.6059,G
5253592077972913152,0.65560955,-0.3281,0.11021819,160,4227.806,0.5638,K
6030054098483100928,0.8584166,-0.5538,0.44246522,236,5214.781,0.6754,G
6030054128473250688,0.90018463,-0.2164,0.8653078,359,5113.2256,0.6928,G
5961494428871054720,1.6927722,-0.9839,6.695217,110,7757.527,1.5186,F
5253640177273783296,3.1121883,-0.9563,139.90572,248,10999.303,3.037,B
5253640177274946688,0.8243878,-0.7953,0.5325482,355,5095.8066,0.6101,G
6030025266296730496,0.88726485,-1.4397,0.63801414,310,5413.8022,0.5927,G
6030025266296730624,0.8526407,-1.168,0.4726845,273,5207.943,0.5895,F
5961446771932382336,1.9844015,0.7965,22.246126,243,7977.0376,2.4568,M
5961446771932389376,0.72433025,0.2667,0.19107,243,4512.414,0.7239,K
5961407567468160256,1.3697841,0.003,4.893717,288,6306.7817,1.9283,K
5961407597464217856,1.4940926,0.004,6.5709147,233,6836.666,1.9089,F
5961494458885965824,1.870626,-0.2667,14.180373,163,8157.695,2.9555,F
5253592146692391424,1.3099737,-0.9944,3.553951,218,6584.296,1.1472,F
5961446806258470144,0.7812226,-1.3461,0.2458098,125,4848.8223,0.7025,F
5253640181611194112,1.4144386,-0.298,5.224692,237,6695.3564,1.408,F
5253592146692397184,0.9185798,-0.1882,0.82449156,307,5572.2495,0.899,G
5253592176765663104,2.8605604,-0.0093,100.233925,247,10317.922,4.6671,B
5961446806292128896,2.106678,0.5509,30.3462,271,7728.9526,2.8074,K
5961446806292435072,0.99806476,-0.4112,1.2425036,323,5823.098,0.9757,G
5961446836284535168,1.8953662,0.496,18.752178,253,7384.0757,2.2909,F
5253640215935569920,0.8363112,-3.3431,0.6308094,354,5284.6216,0.9999,F
5253640215970904576,1.5350788,-0.0079,7.5070467,240,6749.8066,2.3712,K
6030054167202256384,0.66265273,-0.9634,0.21748206,312,4272.3325,0.4695,K
6030054167202586112,0.89252585,-1.1682,0.6656857,345,5453.649,1.0636,G
5253640215971270272,1.1068997,-0.3347,1.9315281,320,6029.6025,1.2623,F
5253640215971286272,1.3677385,-0.3432,5.087654,344,6061.803,1.8761,F
5253640245994444544,1.6524839,-0.0799,10.679349,261,6837.3003,2.2115,F
6030108932262554752,0.7935159,0.753,0.42952043,322,5041.358,0.8231,K
5253592211125418624,0.71305156,-1.3439,0.14798728,150,4531.9893,0.7874,A
5253592215411850112,2.7842824,-0.1001,92.78988,258,7530.018,3.4587,A
5961446840651882112,0.88074183,-0.2877,0.8922057,360,5761.2646,1.0139,G
5961446840651883136,0.7106873,0.2533,0.16129887,174,4433.526,0.748,K
5253640280354791552,0.7312742,-1.3459,0.2725495,324,4627.581,0.4613,F
5253591940533945216,1.0430247,-0.4852,1.5050464,322,5940.921,1.0735,G
5253591940533945472,1.6370603,-0.1241,10.320593,263,6739.073,2.1286,F
6030054201600497792,0.8426203,-0.0512,0.39485583,205,5111.78,0.746,K
6030108936640144640,0.84237593,-0.5124,0.32344192,127,5058.258,0.704,K
5253592284091811200,1.2711463,-0.7066,3.269589,242,6448.0615,1.4523,F
5253640314713841536,0.82211167,-1.3709,0.40029556,290,5023.7427,0.8997,F
5253640314713846400,1.4133425,-1.4547,3.7280862,118,6905.737,1.3541,F
6030108966621474304,1.1946819,-0.3324,2.507093,257,6279.6646,1.3109,F
6030025305067768832,0.77643865,-1.2904,0.33679813,286,4834.7773,0.5098,G
6030025305067774080,0.79431504,-1.4862,0.40610832,320,4990.1235,0.5157,A
5961407704857210752,1.4127026,0.0223,4.0544333,138,6896.508,1.5201,F
6030054235921732608,1.3599085,-0.7814,3.421582,132,6787.899,1.3456,F
5253640319050576384,1.0834954,-0.7901,1.4242686,254,6005.553,0.8371,G
5253592318491077120,2.3236904,0.0076,38.187485,205,9562.69,1.9514,A
5253592318491077504,0.71339554,-0.425,0.22916506,336,4457.269,0.7999,K
5961446939363878016,0.8474174,-0.5765,0.83872783,359,4968.9487,0.6321,K
5961446939363889152,0.7833004,0.0905,0.2519135,157,4813.804,0.7394,K
6030025335022055552,0.69695324,-2.0578,0.17778958,352,4383.706,0.7376,G
5961407734903210624,2.505986,0.7852,64.49842,282,8443.161,3.6118,M
5253640353410287104,1.194906,-0.5949,2.2933288,256,6266.8945,0.9739,F
5253640383433332096,3.2005997,-0.009,202.7383,347,9553.397,5.0934,B
5253592352850827008,1.9666544,-0.863,20.938677,234,8073.6104,1.7968,A
5253592352850829696,2.2827485,0.5196,43.200806,280,7870.3525,3.5115,K
6030054300272009344,0.7905398,-1.233,0.3903942,321,4896.853,0.5255,G
5961446973723634816,3.2258472,-0.64,149.91019,228,11706.539,3.2549,B
5253640387769645952,0.7970551,-0.6911,0.33153796,288,4955.0913,0.8305,G
5253640387769664640,0.84832937,-1.3336,0.32399747,157,5177.9385,0.7609,G
6030025369375967872,0.8486832,-0.8514,0.7720023,354,5217.862,0.6125,F
5961494630684676480,0.74978375,-1.0384,0.3238667,360,4684.5786,0.5142,O
5253640422129813248,1.6640103,-0.3989,9.791466,204,7474.2656,1.877,A
5253640422129819264,2.9835138,-0.316,128.83313,273,9970.432,4.702,B
5253640452152833664,0.7450692,-1.6613,0.19999002,179,4733.541,0.8448,K
6030109000982039552,0.83706594,-1.0251,0.54485357,350,4971.7783,1.073,G
5961407773626621824,1.8082359,0.3881,14.443876,224,7746.0454,2.0147,K
6030054304641226880,1.2813536,-0.8184,3.0107293,198,6524.995,1.1289,F
5253592451597299584,1.6203625,-0.5534,8.364904,187,7493.6787,1.7033,F
5961447012450571520,1.5324062,-0.5263,8.03704,298,6247.85,2.4776,F
5961447012450576896,0.75700855,-0.6025,0.2716507,300,4650.8613,0.5867,K
5253640456489569408,1.3507308,-0.1958,4.960219,345,6048.593,1.4595,F
6030082239114986368,0.92933214,-0.0724,0.730051,263,5538.1816,0.9236,K
5253592455930048896,2.5077806,-1.1783,52.79772,211,10007.019,2.4367,B
5253592455930050304,1.7703801,-0.2023,14.238962,249,7272.019,1.6161,A
5253592455930051072,1.0408586,-0.4448,0.96891814,156,5828.161,0.9585,F
5253592455930054400,2.0556023,0.3614,26.46439,254,7902.5728,2.4701,M
5961407803622734976,1.3432581,0.0016,2.939996,114,6708.1196,1.3507,B
5253738450456469632,0.8588789,-0.5184,0.7127725,353,5342.6885,0.7133,K
6030025408108244224,0.70918435,0.155,0.19790198,300,4526.2656,0.6584,K
5961407837982490112,1.3517587,-0.0013,4.6076026,287,6311.3774,1.8219,K
5253592485957050624,1.5369107,-0.933,5.010159,133,7415.156,1.4851,F
6030054339000967424,0.94221246,-0.5075,0.9973033,321,5665.773,0.8134,G
5253640490848882944,1.7970822,-0.3132,15.176125,257,7181.852,1.7123,F
5961407842346107648,1.4520607,0.003,5.9372473,242,6684.82,1.7351,F
5253592490289794432,0.8559031,-0.8671,0.87898856,360,5366.113,0.6563,K
6030025408146975744,1.0729194,-0.7089,1.6011152,310,6018.339,0.998,F
5253592524649521664,0.887854,-0.9196,0.82463527,340,5529.162,0.6435,F
5961494669410794368,0.8630359,-0.3222,0.6780325,346,5406.941,0.767,K
5961494669410797824,2.167699,-0.1146,35.395035,290,7014.6177,3.9513,M
5961494699404160128,0.723952,0.2148,0.20584394,333,4430.733,0.6774,K
5961407872342204800,2.127868,0.0138,32.16563,281,7322.41,3.0178,M
5961407876656018816,0.6426536,-0.7314,0.15377821,327,3809.243,0.9281,M
6030025408146990976,0.6934865,-3.2845,0.2204586,284,4340.3677,0.4434,G
5253738514843148800,0.79760027,-0.0384,0.37826586,327,4911.537,0.6928,K
5253640525208646912,1.5331328,-1.0852,4.828932,122,7390.4346,1.128,F
5961407876705825024,0.7120959,0.3134,0.18575883,266,4503.364,0.7701,K
5961407876705839744,0.88324577,-0.2284,0.6739612,309,5438.2876,0.8209,G
5961407876705841408,2.2451982,0.7686,38.279537,255,8591.853,2.4599,M
5961447111162586880,1.3644676,-0.2024,4.60703,256,6487.9473,3.1605,F
5253640555236774144,0.881919,-0.2804,0.89162534,358,5348.405,1.9226,G
5253592558969798656,1.3998176,-2.0853,3.428093,112,6871.0107,1.3645,F
6030054373360562048,0.95488423,-0.4598,1.1182486,360,5417.685,0.7383,F
5253738519175939840,1.9797982,-0.5691,24.008753,288,6670.5737,4.3247,F
5253738519175940096,1.3742812,-0.7063,4.9808116,293,6306.515,2.0149,F
5253738519175940608,1.4928304,-0.5684,6.090006,194,7078.5703,1.2158,F
6030082273474710656,0.86365414,-0.4914,0.60052395,347,5330.65,0.7909,K
5961447115529763968,0.7801233,-1.1704,0.32164547,313,4856.1055,0.5254,K
5253592593369016704,0.94782215,-1.1228,1.0571344,359,4934.0786,0.9637,G
5961494733763899136,1.4242977,-1.2217,5.550298,232,4981.0557,1.0566,F
5961447145522381440,0.7128268,-0.1149,0.14981195,140,4533.6787,0.6315,K
5961447149855806592,0.8365103,-1.2811,0.44974208,302,5154.3647,0.5607,G
5961407911065582976,2.5776227,-0.4395,71.283585,277,8602.349,4.8637,B
5253592623396034816,0.93940693,-0.359,0.8528944,299,5676.729,0.8604,F
5253738549202887808,0.87876564,-0.9075,0.8280637,356,5429.6665,0.6577,F
5253738549202899840,2.1268623,-3.5503,133.49716,246,6050.9575,0.6966,A
6030082303467151360,0.81110793,-0.6183,0.4287534,327,5088.8315,0.6128,K
5253592627728764800,1.5876635,-0.6764,8.319012,222,7108.2476,1.7239,F
5253640593928080512,2.1954165,-1.472,27.176567,163,9558.507,1.8471,A
5253640593928088832,1.5899824,-0.4533,8.39231,221,7119.1313,1.5837,F
5253640593928091520,1.9333031,-0.4212,18.721275,218,8155.3213,1.7466,A
5253640593928091904,0.80553836,-0.4565,0.3758877,304,5011.609,0.7939,G
5253640593928094976,0.7025469,-0.8003,0.15427156,165,4435.1353,0.5206,K
5253738587895428608,1.4218637,0.0071,5.789413,291,6297.0806,2.1079,K
5253738587895433984,0.9631412,-0.2822,0.82508504,243,5656.835,0.9002,K
5961407945425344768,1.1480321,-0.7512,2.076264,284,6146.594,1.19,F
5253592662088495488,1.1655048,-0.6595,2.486709,329,6054.207,1.0799,F
5253592662088496256,1.9235861,-0.4521,17.654446,203,8213.438,1.859,A
5253592692115523968,0.8677769,-1.0782,0.5050407,335,5192.4355,0.9008,K
5253592692115535232,0.88152736,-0.6639,0.9623559,359,5568.7666,0.7024,G
5253738587895434368,1.5275798,-0.8135,7.1397295,224,6971.1533,1.7942,F
6030054442012565888,0.7491819,-1.3493,0.38169903,317,4755.4565,0.4851,F
5253640628287812224,1.3555787,-0.2722,3.564489,168,6712.4556,1.2246,F
5253640628288393344,0.8366663,-0.5698,0.60169435,343,5228.7183,0.9395,G
6030025511226233600,1.6092613,-1.1192,12.652424,293,6813.458,3.0736,F
5253738622255156352,1.2438465,-1.6125,2.5794692,187,6438.7124,1.2581,F
5253738652282139904,0.69930416,-0.1909,0.18460083,351,4366.101,0.7691,K
5253592696448246016,0.7072151,-1.0149,0.17009574,210,4455.444,0.4809,O
5253592696448248192,0.8269176,-1.2711,0.58376384,341,5072.4116,0.5483,K
5253592726475220480,0.7952659,-1.6447,0.3426866,299,4912.4756,0.4871,B
5253640658350992256,1.0219426,-1.6176,1.1112934,303,5923.1177,0.6895,F
5253640662647553280,1.1213458,-0.521,1.324664,102,6292.1187,0.997,F
5253640662647555968,3.1321046,-0.2822,167.58528,290,8597.495,5.7685,B
5253640662647557120,0.7362414,-1.1095,0.18562824,171,4597.097,0.8705,K
5253640662647559296,0.705591,0.037,0.15607594,181,4424.5977,0.7717,K
6030109069701493888,0.7508124,0.1016,0.37247956,346,4488.0103,0.8024,K
6030109074027313920,0.7739423,-1.7341,0.21509501,168,4914.8115,0.4748,F
5253738690974526592,1.8510555,-0.3765,17.65927,275,6907.045,2.4289,F
5961447218608974976,2.72217,-0.605,89.151276,275,8999.456,4.4054,B
5961494806849775488,2.1298404,-0.499,44.061256,290,5163.6455,2.4851,M
6030025545585985024,0.7108352,-0.5209,0.22141932,346,4414.3325,0.9228,K
6030109074027337600,1.2461821,-0.2079,2.5393038,186,6426.7407,1.2668,F
5253592387210552832,2.422644,0.2232,57.94437,296,7738.6543,3.969,K
5253592387210554880,1.4518863,-0.2517,6.3070984,284,6360.7285,1.8371,F
5253592387210556544,0.8252277,-0.3043,0.48742452,328,5117.654,0.8774,G
5253592765167704576,2.0171368,-0.3068,19.784819,172,8910.681,1.8271,A
5253640697007322624,2.7564337,-0.6335,90.602455,264,9616.794,3.4703,B
5253640697007326976,0.7053043,0.0655,0.16037488,197,4419.1816,0.6607,K
5253738725334288000,1.7045485,-0.0559,9.441896,145,7998.8276,1.5472,A
5253738725334298624,0.9956183,-0.361,1.2631388,329,5827.675,0.9755,G
5253592765167705216,1.1485391,-1.121,2.363818,323,6065.605,0.8334,F
5253592765167706496,2.1614392,-1.4786,24.433973,145,9553.57,1.6864,A
5253592765167708032,1.2840178,-0.9344,3.5527484,264,6393.5986,1.2813,F
5961494871202551808,0.71980304,0.0017,0.20686346,247,4478.5493,0.6377,K
5961447252968723712,0.80478376,-1.3266,0.5280419,352,4682.9326,0.8532,K
5961447252968726016,0.870494,-1.532,0.68520534,340,5254.022,0.5639,K
5961447282961536768,2.0493379,0.7401,23.206873,209,8624.3125,2.0875,K
5253592799527433600,2.2729175,-0.284,37.52418,230,7999.763,2.8442,A
5253738759704003584,0.7950166,-1.3912,0.28823707,267,4903.148,0.8897,F
5253738789721102848,0.75783867,-0.3433,0.28244048,338,4733.5723,0.6323,K
5253640731367074304,2.4895828,0.0728,59.925507,265,8865.084,3.28,A
5961408048504556160,0.685915,0.1165,0.11171966,149,4393.912,0.6604,K
5961408078500509824,0.7094479,0.4322,0.14294171,132,4429.9907,0.9227,K
5253592799527693056,1.4907039,-0.4319,5.4910507,160,7181.915,1.1997,F
6030025609894154624,0.89249927,-1.0753,0.601497,262,5428.421,0.6354,G
6030025609894687488,0.81028944,-1.0457,0.49996603,334,5061.53,0.5796,K
5253738794053872128,1.2485613,-1.3225,2.979506,245,6380.2397,0.9166,F
5961447317321069056,1.6425791,-0.1782,8.388388,161,7701.38,2.3593,F
5961494875569170816,1.7020663,0.2918,8.756873,136,8076.984,1.6364,F
5961494875569569024,0.66309005,-0.6586,0.10925441,137,4210.5063,0.5083,K
5253592833887178240,0.7122893,-1.3398,0.14387847,131,4525.6914,0.7052,K
6030082406538458496,1.1364241,-0.5503,2.3173892,344,5735.3564,1.1911,G
6030082406538459008,0.8029454,0.7328,0.40944335,353,5044.121,0.8368,K
5253738794053877248,1.6749647,-0.6177,11.355528,260,6766.762,2.6856,F
6030054506430454912,0.8523265,-0.726,0.75931525,355,5317.7896,0.6538,G
5253640765726799872,2.0297883,-0.4527,18.179281,125,9216.474,1.6026,A
5253640765726803328,0.8620348,-1.5248,0.36634564,121,5149.5874,0.7546,F
5253640765726804864,1.3266156,-0.337,3.0495465,148,6380.3975,1.0476,F
5253592833887409280,0.77646583,-0.7274,0.22695847,130,4911.073,0.6716,K
5253592833887410304,1.7281389,-0.3371,13.354203,288,6411.7393,3.9772,F
6030082406542217600,0.834374,-1.4019,0.64218557,339,5073.072,0.5311,G
5961447351680865408,0.9152773,-0.7549,1.0424356,359,5613.9375,0.7271,F
5961447351680902400,1.467547,-0.0042,4.843024,145,7096.702,1.3816,F
5253738828413619072,0.7605506,-1.54,0.36872572,309,4774.45,0.4677,G
5961494909928945024,1.1066529,-0.6069,2.252682,354,5996.3286,1.6035,F
5961408112860324608,0.94998956,-0.417,0.98682994,360,4969.1367,0.6578,F
5253592868246929024,0.90697616,-1.025,0.47801748,125,5576.6597,0.7892,G
5253640800051284352,1.5454724,-1.3128,8.780317,327,6176.852,1.6256,F
6030025614305478144,1.5161813,-0.5845,8.518971,348,6191.029,2.3234,F
6030054506438547840,0.7659978,-1.3191,0.31597883,345,4787.148,0.9329,F
6030054506461086336,0.81987184,-0.6344,0.7976998,359,5188.1787,0.6516,K
5253738862773358848,0.8859668,-1.904,0.57375693,340,5258.2837,0.9359,F
6030025644257621888,0.8769592,-0.917,0.8929319,359,5364.042,0.6288,G
6030025644257634560,0.71708494,-0.4263,0.1896264,272,4501.7026,0.5872,K
5253592868246930432,1.2611343,-0.0861,2.5737407,164,6465.6147,1.1814,F
5253592868246930816,1.2148083,-0.3824,2.7528262,262,6302.5415,1.3757,F
5253592868246931712,2.2451394,-0.8158,27.012808,127,9975.393,1.9883,B
5253640800086551296,1.5692003,-0.0978,8.855288,290,6303.0225,2.6055,F
5253640800086553600,0.8442084,-0.2079,0.49813938,296,5237.7393,0.8512,K
5253640800095439616,0.92413545,-0.3469,1.3359647,359,5448.5557,0.7777,G
5253640830109960448,1.4021695,-0.8387,5.387098,286,6305.2305,2.0932,F
5253640830109961088,0.88826245,0.1859,0.45923665,148,5472.0986,1.0655,K
5961408117224045184,1.3382941,-0.08,2.7104466,111,6689.074,1.3562,K
5253738862773361280,1.6835779,-0.72,11.256074,245,7070.4067,2.1166,F
5961494974281859712,1.800625,-0.2024,9.964204,106,8515.784,1.9101,F
5253592902606673152,1.0424182,-0.4989,1.4193625,310,5927.1963,1.08,G
5253640834446302336,2.046431,-1.1763,19.23081,136,9112.853,1.4868,A
5253640834446718848,1.4723308,-0.5972,5.7414694,198,6996.734,1.5992,F
5253640834446720512,1.0339758,-0.5239,1.3926228,314,5901.854,1.6034,F
5961447386040600064,2.067287,0.5973,27.499414,264,7749.7036,2.6915,K
6030082440898175104,1.5660855,-0.4167,8.645828,273,6548.892,2.2589,G
6030054510799547136,1.3910627,-0.8404,5.723602,347,6061.0977,2.338,G
6030054510837852800,1.0440966,-0.6873,1.3964857,305,6035.11,1.0853,F
5253640864469719040,1.7052231,-1.2047,10.900019,206,7616.5654,1.4538,F
5961495008641578112,1.67689,0.0014,11.285146,257,6873.2217,2.5667,M
5961495008641588224,2.1206548,-0.2473,31.437618,276,7294.5615,3.3433,F
5961495008641594368,2.4503062,0.0507,50.1015,228,9608.135,2.3789,O
5253640868806079616,0.8281302,-1.0128,0.30308086,123,5160.874,0.7012,G
5253640868806488448,1.4762108,-0.3002,4.8879967,146,7125.947,1.3141,F
5253592971326307072,1.5862015,-0.7729,7.280915,165,7489.833,1.4902,A
5253592971326309120,1.7586206,-1.4722,12.49291,208,7755.164,2.0418,A
5961447390407704960,1.5597084,0.0004,8.21132,250,6773.8057,2.0309,F
5253738965852551936,2.0836992,-0.6239,28.486439,265,7800.454,2.752,F
5253592971326317824,3.1709003,-0.7884,159.54613,264,10728.925,3.485,B
5253592971326318080,1.523591,-0.2626,6.4857903,185,7209.7534,1.5734,F
6030025683024949632,0.9348722,-0.1493,0.9970904,359,5022.8633,1.2542,K
5961408215939585664,0.8230423,-1.2971,0.46237737,317,5053.8804,0.5515,G
5961408220253986432,1.4573814,-0.0045,5.188997,191,6907.1475,1.598,K
5253593005685831424,1.3271489,-0.6372,3.1623204,149,6651.0146,1.209,F
5961495047346648448,0.9827204,-1.4181,0.63776493,359,4910.5747,0.9332,A
5253640903165792128,1.3982512,-0.5119,4.9588056,234,6679.145,1.5861,F
5253640903165795840,1.1970991,-0.6517,1.8615459,127,6324.978,1.1339,F
6030054575149989632,0.89609146,-1.5844,0.7184167,332,5528.2,0.5983,G
6030054575149990144,0.7194171,0.0291,0.19604303,259,4468.907,1.0074,K
5961447454760156800,0.5503927,-0.7977,0.056859486,168,3635.8345,0.5149,M
6030054575158021888,0.8470433,-0.3173,0.4832232,296,5140.498,0.6922,K
5961495047367888768,1.5738153,-0.6101,8.006069,219,7076.4175,1.6998,F
5961495047367925632,1.6734011,-0.9011,10.28018,217,7301.2686,2.061,A
5961408250299357440,0.71481115,0.1828,0.17527527,226,4466.4443,1.3655,K
5961495077361094272,0.9431305,-0.964,0.9306457,359,4934.775,0.5725,K
5253593040045732480,0.8989002,-0.5456,0.9892957,359,5601.5864,0.7531,F
5961447459127170944,1.9268837,-0.3966,17.438639,191,8490.115,1.8492,K
5961447459127173632,1.0467826,-0.6319,1.4298798,311,5936.979,0.9426,G
5253640937525543296,1.1411928,-0.6919,1.5890758,154,6124.5757,1.0883,F
5253640937525557376,0.82479864,-1.3038,0.4905211,355,5068.3643,0.5482,G
6030054579519075328,0.7923334,-0.9482,0.24071334,148,4933.7534,0.555,K
6030054579519099904,1.6486752,-0.7144,10.787914,276,6584.69,2.2236,F
5253593070072595968,0.7043232,-3.0429,0.17431411,328,4384.031,0.7189,G
5253593070098266496,2.7994573,0.0535,106.357666,302,8533.798,4.6394,A
6030054609509705856,0.7217846,-1.3463,0.28533614,348,4612.229,0.8605,K
5961447489120030848,1.5829645,-0.1843,9.044736,274,6525.676,1.9099,G
6030109172780770048,0.8274711,-1.3548,0.5622221,348,5085.2876,0.8728,G
6030109172780773888,0.85407954,-0.1422,0.35728592,158,5028.4004,1.0491,G
6030109172782130944,3.4164693,-0.1268,246.14055,314,9989.01,5.1655,B
5253593074405463552,0.85575545,-0.8754,0.5079161,343,5009.367,0.5923,K
5253593074405464832,0.8637876,-1.5813,0.6465166,339,5361.4927,0.9454,F
5961447493486914176,0.73976856,-0.7275,0.24645734,353,4532.0615,0.955,K
6030025781696582784,0.6042884,-0.2486,0.071439005,118,3986.8972,0.5373,M
5253640971885304704,1.076447,-0.577,1.7811136,334,5957.918,1.5878,F
5253640971885306496,2.054534,-0.897,24.356148,223,8497.353,1.7401,A
5253640971885314432,0.83802146,-1.8823,0.3009786,139,5096.022,0.5103,K
5253593104433552640,1.3593746,-0.0026,4.0817895,201,6693.9526,1.7571,K
5961495116087442176,0.77791387,-0.5698,0.30073595,345,4743.4834,0.5916,K
5961495146080515328,0.7092086,0.2672,0.16880634,231,4431.3066,0.7269,K
5961495146080536704,0.8748224,-0.8339,0.9289864,360,5377.856,0.6604,G
6030082475265718656,0.79085654,-1.2607,0.29455155,226,5046.7163,0.5261,K
5961447523479742080,0.91662717,-1.0641,1.0188961,359,4677.0596,0.7323,K
5961447523480660224,0.8952135,-1.8248,0.938145,359,4698.0684,0.8871,F
5253739172010987264,1.174546,-0.8102,2.4580328,297,6149.429,1.1114,F
5253593108765203840,1.0988027,-0.7468,1.3105555,169,6018.914,0.8774,F
5253593108765205888,1.0154511,-0.2055,1.0241771,246,5817.8164,0.8593,F
5253593108765378432,1.890485,-1.4026,17.391296,226,7968.835,1.6107,A
5253593108765386496,0.9736808,-0.2159,0.93558246,279,5701.8687,0.9845,G
5961447527846651136,1.4709512,-0.0951,5.568156,185,7067.7134,1.364,F
5961447527846655616,1.352155,-0.0006,4.038808,208,6667.268,1.7647,F
5961447527846660736,1.374953,-0.024,3.3163788,143,6813.933,1.3014,F
5253593143085812608,1.9661913,-0.1692,19.785194,216,8386.351,1.9664,M
5253593143124799744,0.76540536,-0.9472,0.3055361,182,4774.0415,0.8397,K
6030025816056341888,0.72866833,-0.5474,0.15547444,120,4534.7466,0.8439,K
5253739206370692736,1.9534115,-1.1707,22.063004,258,7977.5195,1.1643,A
5961408323382509312,0.8599477,-0.5973,0.34772688,128,5173.0684,0.6459,K
5253641006245064704,0.85068405,-0.7877,0.61083174,340,5290.5312,0.6481,F
5961495150447176192,2.1321728,0.7657,31.520594,264,7955.4946,2.9174,M
5961447562172819328,0.7138992,-0.9715,0.19755013,342,4364.795,0.8641,K
5253593143125101440,1.4548987,-0.3015,6.4528294,322,6124.6494,2.442,F
5253593173151854208,0.79051787,-1.1395,0.3646541,321,4889.944,0.5346,K
6030025816058398464,4.01716,0.0395,232.21205,103,15081.346,2.2755,G
5961408357742254080,1.7032803,0.5728,10.711089,201,7650.4717,2.5607,F
5961408357742260736,0.9130053,-0.3186,1.0399778,359,5605.85,0.7796,K
5253593177484812160,0.9163267,-0.5653,0.81625,308,5570.112,0.7599,K
5253739240730670720,2.7305994,-0.4497,88.77199,270,9365.633,2.0912,F
5253739240730674944,1.2465532,-1.0221,3.218854,301,6167.94,1.3447,G
5253739240730675072,3.2193696,-3.4384,179.9483,281,7757.506,6.0435,B
5253739240730680192,1.1649361,-0.8007,1.6170521,117,6350.2476,1.0542,F
5253641040604782720,1.4640375,-0.8562,5.8976016,219,6866.58,1.4658,F
5253641040604791296,1.2100589,-0.4868,2.8840752,313,6125.968,1.209,F
5253641070626942848,0.9682035,-0.5515,1.0173409,304,5731.6265,0.816,F
5961495184806922112,2.2382333,0.4952,161.17108,321,5090.486,1.6379,K
5961495214800030976,1.7907548,0.2315,12.2690525,165,8241.424,1.6696,K
5253593207511586304,1.1424887,-0.8413,2.2591517,322,6063.3174,0.9075,F
5961408357742266496,0.9336238,-0.4058,0.6885689,212,5622.7837,2.3317,F
5253641074964536576,1.3533278,-0.312,4.711574,321,6122.014,1.6572,F
6030082509617691648,0.7626704,-1.4144,0.1956984,111,4736.5957,0.6626,F
5253640937490294272,0.71511734,-0.4546,0.2106276,326,4458.4336,0.796,K
5253739309414920576,0.73170024,-1.184,0.23679622,315,4561.1797,0.4763,M
6030082509617758464,0.70290554,-0.9656,0.21676792,355,4406.4395,0.4904,K
5253739309450146944,1.3884667,-0.5735,3.8292723,139,6848.8296,1.2081,F
5253739343774732416,0.8428238,0.1089,0.4379561,246,5165.4688,0.8376,K
6030109177158396416,0.82754886,-0.9611,0.55337435,340,4812.137,1.0391,K
6030109207140492928,0.7753277,-1.9198,0.20002306,123,4745.0435,0.6516,K
5961447626558627584,2.423979,-0.4687,50.558094,242,8714.6875,4.4863,B
5253739343809917184,0.95413345,-1.0948,1.1648256,340,5706.096,0.6951,F
6030054682598336128,2.4278922,-0.3367,45.684315,206,9855.098,1.8238,A
5253641109324215168,1.1046509,-0.2937,1.9901001,334,6021.419,1.2968,F
5253641109324218240,1.2582643,-0.0274,2.7406433,191,6403.0684,1.2939,F
5253641109324224512,1.0507371,-0.8382,1.6716688,337,5961.9653,1.1839,F
5253641109324225664,1.597542,-0.4286,7.609089,168,7519.9834,1.4819,A
5253739378169670912,1.3682308,-0.4152,4.3745933,220,6660.2954,1.6591,F
5253739378169671168,1.1333904,-0.5094,2.4148,349,5989.7354,1.321,F
5253641109324231552,0.9724255,-0.2065,1.1516114,327,5768.655,1.0481,G
5961408422098043648,1.968092,0.4027,22.65839,267,7411.0376,2.5906,B
5961408422098052864,0.9318638,0.5356,1.3275481,359,4822.753,1.6621,K
6030054712596969472,0.739426,-1.1106,0.2070723,221,4753.0425,0.5192,G
5961447660918353664,1.5080736,0.0146,6.3646894,204,6944.904,1.8277,F
5961447660918398592,1.4722904,-1.5182,3.70141,119,5060.31,0.9949,F
5961408426412815744,0.9620112,-0.1743,0.8400968,359,4950.1836,0.6663,K
5961495283523435904,1.8933091,-0.7779,19.241537,268,7455.5786,2.0416,F
5253641143683977344,0.86385834,-0.7005,0.72920066,350,5430.9634,0.6581,G
5253739412539069056,0.86073995,-0.1714,0.36355767,119,5123.7964,0.7269,K
5961408456457783936,0.70356846,0.1207,0.14658268,151,4406.8677,0.7758,K
5253593280564090496,2.4336107,0.0214,42.74098,181,10126.41,2.0595,B
6030054746948661888,0.7287119,-1.2954,0.1992375,197,4573.3174,0.4621,K
6030054746948683008,0.8601843,-0.9412,0.5688874,333,5328.9414,0.6273,G
5961447665285620736,0.92128265,-0.901,0.77524614,293,5609.618,0.6859,F
5961447665285621632,0.8530396,0.0799,0.63920593,354,5157.4414,0.9686,G
5253739446889149440,1.1013488,-0.8768,1.232117,149,6004.986,1.0284,G
5253641208065896960,1.2160913,-0.6315,2.3147233,201,6359.157,0.9552,F
5961447695278203264,0.7182653,0.1265,0.19169034,283,4492.1514,0.742,K
5961408460772686080,0.7497385,-0.492,0.24275619,357,4604.892,0.7027,M
5961447729637933952,0.8910021,-1.3991,0.73445845,360,4941.2974,0.5136,A
6030109241500288640,0.779363,-1.3722,0.28176108,252,4810.222,0.8877,G
6030054751317877632,0.7227025,-0.47,0.16627017,139,4499.536,0.8537,K
5961408490817546240,1.4838994,-0.0003,6.1630483,216,6915.206,1.8238,K
5253593349283550976,1.8046515,-0.8324,15.089663,245,7440.8667,1.5456,F
5253593349283562880,1.5243816,-0.3545,6.30171,171,7267.481,1.7526,F
5253593349283641728,3.0752375,-0.6376,98.78851,153,12094.84,2.4378,B
5253739511300985728,2.802318,-0.4902,85.78686,227,10579.104,3.4241,B
5253739515608573440,0.8867505,-0.5415,0.8265179,359,5387.368,0.9737,G
5253739515608577024,0.8958097,-1.0147,0.84794295,339,5549.1772,0.6635,F
5253739515608578816,1.0638617,-0.4677,1.76368,344,5923.0786,1.1085,F
6030082543977460352,0.8317265,-2.0426,0.66419536,354,5248.164,0.9614,G
6030082543977483392,1.181613,-1.2205,2.7118008,329,6065.658,1.1988,G
6030054781308414336,0.8411911,-0.6337,0.39851782,232,5109.5493,0.637,G
5253739515608843008,0.73764396,-1.6314,0.23753712,309,4513.5884,0.7563,K
5253641246763204864,1.8577178,-0.2284,15.272546,200,8161.3364,1.5473,A
5253641246763208320,2.0477474,-0.5197,16.693798,118,9534.248,1.4856,A
5961447734005394048,0.8715096,-0.5508,0.9654381,359,5077.187,1.0296,K
5961447763997712384,2.3280282,-0.135,46.662292,277,7630.263,3.9756,B
5253739549968335232,1.643525,-0.875,9.978834,235,7092.99,1.9183,F
5253739580020470272,1.2406812,-0.9621,2.8119838,229,6400.278,1.1045,F
5253641246763218432,3.8600948,-0.7862,297.8859,227,13320.888,3.4553,B
5253641276785378944,1.0467068,-0.4975,0.82944226,114,5815.147,0.8883,F
5961408495181221248,1.1324582,-0.419,1.7421433,232,6137.7427,1.1458,F
5961408525177338496,1.6747217,-0.315,10.6399975,229,6969.2476,2.6593,F
5253739584328054656,1.812462,-0.8122,12.638755,162,8353.47,1.7444,A
5253739584328056320,1.6679504,-0.6534,10.632436,239,7073.233,2.2013,F
5253739584328063104,1.098642,-0.6281,1.146612,120,5998.166,0.9891,F
5253593418002994304,1.6748462,-1.4634,8.617828,139,7942.752,1.5028,A
6030054815668167680,0.75980854,-0.9432,0.39497155,337,4795.0386,0.5462,G
6030054815668175488,0.87147516,-1.0975,0.39212495,185,5479.972,0.6158,F
5961408529492260992,1.5300694,0.0243,7.9703374,294,6285.99,1.801,F
5961447768364834176,1.3952844,0.0005,4.1172814,158,6859.0825,1.4993,G
5253593418003005568,2.225535,-0.4923,42.239964,324,7139.24,5.0995,F
5253641281122972416,0.83478403,-1.4545,0.64142656,349,5183.5527,0.5565,K
6030082548354448128,0.9191887,-1.6044,1.0022417,357,5665.493,0.6393,G
6030109280237620352,1.0931457,-0.8637,1.3289152,194,6018.1274,0.9648,G
5253739618687816064,0.89246756,-0.0133,0.82140255,359,5346.937,0.8219,G
