tic_id,gaia_id,spectype,M,L,Teff,R,met
TIC 100100827,4955371367334610048,F,30.410440186693354,26.951480264267506,6311.6724,1.2809,-4.433
TIC 100389539,2930141657016297216,F,30.392627506201233,26.985647224134393,6184.962,1.4273,-4.333
TIC 100990000,4848767461548943104,F,30.339108250474744,26.793832462782536,6056.6504,1.1603,-4.62
TIC 10195089,4081376064109034496,K,30.175877256230446,25.86739475185641,4570.594,0.6965,-4.784
TIC 102068384,6840435777723109888,K,30.247895917005586,26.373033322331786,5132.2617,0.9505,-4.3
TIC 102192004,6139403450370668800,F,30.39192759552291,27.005854207979077,6270.329,1.5136,-4.48
TIC 102840239,5415648821879172096,K,30.18836763161886,26.07048373567856,4857.2495,0.7818,-4.63
TIC 105138916,4070009007975710464,G,30.323811775625444,26.66544524301959,5727.3555,1.1191,-4.48
TIC 106402532,5392409372314518656,G,30.278963802636774,26.497991493481436,5624.889,0.9532,-4.58
TIC 106900981,5391813299572883456,G,30.315539249659455,26.785791857729834,5891.382,1.2256,-4.52
TIC 10827386,2929750922377138816,K,30.271171502626785,26.291955300969683,5175.136,0.8823,-4.187
TIC 114018671,5592015297342611968,G,30.25754730268177,26.410947436844673,5454.17,0.9282,-4.51
TIC 114299824,5592019557950033536,G,30.376055490812465,26.691186436700043,5766.027,1.1267,-4.432
TIC 115010361,3638010855046147200,G,30.23802516297929,26.48620605113369,5456.0806,0.9967,-4.75
TIC 115524421,1358355738906114816,G,30.298505910360674,26.41510537564957,5374.489,0.9498,-4.43
TIC 11561667,5466556141521710592,K,30.114747210352455,25.739978893533063,4343.7573,0.6728,-4.287
TIC 116483514,1401760747118886016,K,30.079902215557464,25.69594584996671,4045.429,0.7149,-4.5280000000000005
TIC 1167538,4877544322252002048,G,30.313026449118595,26.621897095228448,5754.232,1.0503,-4.36
TIC 117414377,690025807939789184,G,30.256591758881758,26.740642444498548,5829.9785,1.1636,-4.716
TIC 11749208,5638825939745228544,G,30.247895917005586,26.406653396504534,5398.728,0.9374,-4.51
TIC 119292328,5574111674620962688,G,30.16773763009165,26.357547209611887,5412.4707,0.8772,-4.65
TIC 119585136,3979511431397114752,M,30.04358070194273,25.421447987689966,4454.0938,0.5964,-4.8100000000000005
TIC 120610833,2308834780352875904,K,30.227924836074965,26.319127234484025,5157.767,0.9304,-4.57
TIC 120825566,2099068444479581184,K,30.182734679993278,26.377827601646505,4936.195,1.0516,-4.7700000000000005
TIC 120973167,2100392428275714688,F,30.311343135065844,26.707099911578826,5957.8623,1.079,-4.78
TIC 121214185,2099606483621385216,F,30.447108565166765,27.279619499742573,6164.738,1.9689,-4.57
TIC 122450696,2052827207364859264,G,30.302827284143316,26.483231765241694,5732.3125,0.9059,-4.42
TIC 122784501,2050249406650364160,K,30.266053886579535,26.303843749427045,5282.6753,0.8701,-4.42
TIC 124029677,2942084865853011712,F,30.39192759552291,26.98685227526314,6120.065,1.3511,-4.42
TIC 124379043,2913482170369046656,F,30.346947713911078,26.867544766439256,6160.9077,1.2152,-4.645
TIC 124573851,3777506754255516800,G,30.2527484198,26.56189557782918,5818.302,0.958,-4.6
TIC 12666215,6237129658760381056,G,30.315539249659455,26.63666890253179,5680.2427,1.1155,-4.31
TIC 127530399,6099012478412247296,K,30.195582913570092,26.025969918265243,4783.05,0.7688,-4.39
TIC 12785571,2600942622915012608,K,30.142112460893024,25.737393095351482,4375.949,0.7155,-4.534
TIC 12821302,2601048588348190976,K,30.177027705861878,25.76171033152829,4466.246,0.6491,-4.891
TIC 12822545,2594546351459477760,K,30.08738102613609,25.691393581714404,4241.413,0.6519,-4.56
TIC 12862099,2424406513428936832,G,30.26931752123319,26.419404549461447,5368.3022,0.9555,-4.543
TIC 130181866,875071278432954240,G,30.29414110495822,26.45807557438726,5641.1553,0.923,-4.51
TIC 1333933,4873830691665395584,G,30.2963289911064,26.4574055048454,5501.159,0.9129,-4.39
TIC 134200185,5509620021956148736,K,30.16773763009165,25.888724809043318,4495.351,0.7402,-4.42
TIC 137150039,2052582432887909376,F,30.304971952609904,26.730843165395616,5894.7173,1.1267,-4.68
TIC 137685450,2051866238502437632,F,30.376237090013063,26.91039946502495,6089.895,1.2989,-4.421
TIC 137686948,2051933102555095936,K,30.18892692916159,26.01285452357629,4777.2373,0.743,-4.52
TIC 13894108,4153949058525858048,G,30.28077714340024,26.451044165681306,5432.4214,0.9704,-4.83
TIC 14111411,65331198513957376,K,30.09715655580594,25.73062566508629,4393.2896,0.6703,-4.765
TIC 141488193,1111639314047794944,F,30.38841102180007,26.89009841221612,6056.1055,1.2657,-4.4
TIC 14160842,49784688211974144,K,30.14360395037493,25.832344658743853,4507.1626,0.7027,-4.4
TIC 142211778,3462511310147530752,F,30.29980684338109,26.81924703281243,5933.343,1.3986,-4.39
TIC 142276270,1677343097418015488,G,30.315706253884507,26.556224649678594,5672.2026,1.005,-4.465
TIC 14344979,3803004978659671040,G,30.192821973045113,26.39901888356429,5607.3213,0.8365,-4.85
TIC 144700903,3340265717587057536,M,30.104006768519074,25.665392895496346,4139.6934,0.6797,-4.202
TIC 14570099,677884760027950080,K,30.14976425907975,25.915581420653247,4626.415,0.7195,-4.72
TIC 146364192,2597119620985658496,G,30.2527484198,26.396934255458646,5322.863,0.9519,-4.49
TIC 146520535,2974906868489280768,K,30.24298858251084,26.29937008721411,5267.6655,0.8585,-4.54
TIC 146799150,2603155390066307456,K,30.142983086106355,25.821055270819517,4498.2466,0.6902,-4.46
TIC 147677253,3694743765254445312,G,30.24298858251084,26.80083855970401,5919.8633,1.1903,-4.99
TIC 147950620,1074139748425931008,G,30.291280274616028,26.42388999845294,5364.139,0.9646,-4.192
TIC 147977348,5580554052549277056,F,30.484897126056165,27.35106423039916,6137.0757,2.142,-4.468
TIC 148563075,3758629479636689536,G,30.298302178469797,26.378783892083543,5316.47,0.929,-4.17
TIC 148673433,784983789642216320,K,30.16182877048113,25.944926919230713,4675.604,0.7152,-4.112
TIC 149496868,3871908447498807296,K,30.313026449118595,26.084447659956872,4842.2334,0.7983,-4.408
TIC 150030205,5482316880495405056,K,30.218629236651395,26.173368447295413,5090.5107,0.799,-4.59
TIC 150151262,5284358990266469760,K,30.163016991419067,25.860988477788226,4526.034,0.6992,-4.56
TIC 151724385,4216036349838071424,G,30.253230701339735,26.623693894764273,5491.2896,1.1546,-4.8100000000000005
TIC 151825527,5396580575830873728,M,30.030819237831917,25.427813670494256,3511.4998,0.6712,-5.25
TIC 1528696,4875693023844840448,K,30.183301274309652,26.0001019729441,4735.475,0.7592,-4.43
TIC 153078576,4847001302277419904,M,30.037286468845043,25.365812059814093,3737.4248,0.5829,-4.33
TIC 153289168,3319126988068404096,G,30.262240391738224,26.553619168691206,5637.694,1.0171,-4.6262
TIC 153951307,1685195530290375168,K,30.069357922002816,25.652670611085174,4194.348,0.6532,-4.23
TIC 154872375,1726858366624544640,F,30.349658432808056,26.795088220863615,6000.5503,1.1819,-4.54
TIC 157236902,4521842556801236352,G,30.26698885891461,26.569700094834168,5442.6216,1.0246,-4.6
TIC 157698565,5566108398204103424,G,30.26698885891461,26.58596940702207,5565.2153,1.0876,-4.42
TIC 157910432,6339097679918871168,A,30.606001948273885,28.143303192406616,9757.48,2.097,-4.25
TIC 158297421,6658373007402886400,K,30.12716580689599,25.851358707266744,4550.635,0.6966,-4.653
TIC 158320130,2106235301785454208,K,30.179319502641466,25.82889879310108,4267.307,0.8023,-4.6
TIC 158840777,2127798958189867392,F,30.384865741035423,26.809773974956162,6158.8687,1.1162,-4.53
TIC 159511543,1709456705329541504,F,30.366691772106833,26.603905971765627,5800.2227,1.0153,-4.55
TIC 160148385,4990044668377961984,G,30.26244987743073,26.582518895538456,5617.147,1.0736,-4.33
TIC 162289289,1900293230549817856,G,30.304971952609904,26.395877742909235,5314.0596,0.9581,-4.156
TIC 162802770,5382970374226953600,F,30.36296389958759,26.896472708974322,5967.047,1.338,-4.69
TIC 16288184,6032746832450438400,F,30.39749554976185,26.890149969914113,6242.985,1.2247,-4.203
TIC 163539739,1867491607542113536,M,30.03089967018364,25.46238596593421,3689.7063,0.6201,-4.55
TIC 164767175,5140454049422547200,G,30.25754730268177,26.505141463759024,5544.82,0.9901,-4.63
TIC 165297570,727624020367528576,F,30.3776871564083,27.149272495890415,6274.923,1.6248,-4.42
TIC 165464482,1562935820172427392,F,30.354648172419726,27.005051678965575,6028.348,1.4565,-4.519
TIC 166806344,4886825544715697792,G,30.2993736318919,26.65353145796465,5430.7607,1.1876,-4.19
TIC 167656187,5480006192386819456,F,30.434592007744772,27.09635681749609,6438.207,1.4563,-4.44
TIC 168281028,5472386851683941376,G,30.247895917005586,26.60587158583969,5508.164,1.1224,-4.642
TIC 169504920,6766134630213144704,F,30.39784118804663,26.96029864802118,6231.6646,1.3275,-4.341
TIC 170634116,4884779765893739904,F,30.441520710614768,27.239580987101736,6648.8203,1.6238,-4.51
TIC 170849515,4877426575724467456,K,30.119363899800373,25.679122794245288,4197.432,0.6655,-4.218
TIC 171975725,2075056519291867648,K,30.283483036776165,26.296432045256424,5086.321,0.9407,-4.3790000000000004
TIC 172370679,2073530190996615424,K,30.099222988643056,25.649212458149837,4194.6357,0.6498,-4.26
TIC 172954294,746545172372256384,G,30.283932384443673,26.71620063261056,5759.9775,1.1855,-4.34
TIC 175193677,666427539629086976,F,30.374052871753204,26.832915477700293,6026.558,1.2299,-4.38
TIC 175194958,664292459846946560,M,30.00607608645861,25.29089781998379,3714.4075,0.5342,-4.36
TIC 175241633,659493675706526848,K,30.16773763009165,25.924511557807616,4687.2925,0.7481,-4.65
TIC 175265494,661004400386393984,K,30.21231976274439,26.02408311704173,4843.326,0.7299,-4.47
TIC 175290685,661398407803108736,G,30.28973198605317,26.667283526210994,5727.6255,1.1012,-4.59
TIC 176220787,2441013811932929280,F,30.44772502301605,27.386136818585484,6426.0034,2.0701,-4.72
TIC 176685457,5678340222972504832,F,30.42561070872548,26.936080567882517,5996.072,1.3884,-4.23
TIC 176868262,3596250888028092160,K,30.16300807580399,25.822030090539464,4510.6553,0.6713,-4.87
TIC 176868951,3580920878437938688,K,30.203221455639355,26.138018493645262,5071.8384,0.7758,-4.58
TIC 176940024,3584074380866605440,G,30.23300436160424,26.321408494658808,5246.0728,0.9147,-4.51
TIC 178162579,3046327742219111808,F,30.353501771889814,26.81559616145439,5923.166,1.2344,-4.307
TIC 178217113,665757593450097920,F,30.36296389958759,26.945175077433507,5984.184,1.3808,-4.53
TIC 178246831,662705555330268928,G,30.26698885891461,26.523737959296998,5228.457,1.1627,-4.46
TIC 178289267,5094406193214399616,G,30.309653271136472,26.495110411480532,5642.989,0.9436,-4.272
TIC 178367144,3070964117005132416,F,30.41244926266751,26.876662045788045,6159.332,1.2244,-4.44
TIC 17865622,1896138833241139584,G,30.332331604313982,26.860874323296702,6005.599,1.2817,-4.364
TIC 178819686,6140553127216043648,G,30.260875246030693,26.440408441594993,5541.941,0.9213,-4.53
TIC 178879588,4891362198412001408,G,30.267455591342017,26.575933418041057,5573.8745,1.034,-4.4590000000000005
TIC 179034327,4895489043507741440,K,30.28077714340024,26.160205467162534,5005.3647,0.8171,-4.46
TIC 180695581,1476485996883837184,K,30.204193878072527,25.919756205144957,4591.5635,0.7359,-4.496
TIC 183985250,2307504062045842688,G,30.30710608212259,26.432798710723763,5329.032,0.9873,-4.29
TIC 185335907,2081875484241210240,F,30.355029634439774,26.855473335130117,5932.708,1.0919,-4.74
TIC 186810676,239050153051494272,M,30.107391777720487,25.654921445717726,4227.0264,0.6501,-4.1
TIC 186814470,656201703533465088,K,30.11804984590254,25.767631585341245,4408.6704,0.6723,-4.7700000000000005
TIC 187273748,3613442989278322432,F,30.30710608212259,26.502440590442706,5477.443,1.0069,-4.46
TIC 187960878,4083952670840373504,G,30.263236831414304,26.36306701805562,5543.4985,0.8223,-4.567
TIC 190496853,5524780333100885888,F,30.459574295831846,27.32517432459758,6749.451,1.713,-4.64
TIC 193032655,5461620846141553024,G,30.230956336155856,26.4465039301072,5538.2485,0.9233,-4.7205
TIC 19342878,3062565055055954304,G,30.319695209430613,26.635254553392333,5655.546,1.0718,-4.54
TIC 193641523,5880886001621564928,K,30.14976425907975,25.878889572307013,4506.4727,0.7255,-4.632
TIC 194795551,4042548116644168832,G,30.305399618308574,26.468823361313042,5442.2124,0.9778,-4.392
TIC 19631691,3402798414192387328,G,30.2084511326286,26.471796854413956,5487.724,0.9789,-4.8657
TIC 197215129,685749360542215296,G,30.302827284143316,26.67125980772592,5755.78,1.105,-4.6
TIC 197241396,660400738439361280,G,30.26698885891461,26.3889662432203,5456.1943,0.8686,-4.61
TIC 197246627,685818492336147072,M,29.98870199038919,25.279778089135416,3762.9597,0.5292,-4.64
TIC 197643976,6585082036193768832,K,30.25178224702798,26.27180901975251,5279.454,0.8061,-4.44
TIC 198108326,1499514786891168640,K,30.1636098850018,25.896910393375578,4507.6455,0.7393,-4.83
TIC 198241702,1635108588053258752,G,30.254049352820417,26.37308192804034,5554.02,0.8494,-4.589
TIC 198356533,1433416717674304640,F,30.3398985955189,26.849234324178045,5951.1514,1.2775,-5.0324
TIC 198562505,1359938520253565952,G,30.24298858251084,26.353626572873374,5419.562,0.868,-4.645
TIC 199376584,2056007995732413312,F,30.364533505309534,26.887430053833167,6031.483,1.3024,-4.497
TIC 201177276,6521531466699512064,M,30.10806562499594,25.57958393636313,3800.295,0.7453,-4.039
TIC 201642601,6638412919991750912,K,30.16057762974067,25.938506926344854,4607.9365,0.7514,-4.354
TIC 202425357,1616054670018575872,G,30.36483183572271,26.910507266420453,5967.8955,1.3889,-4.358
TIC 202426247,1620024491110370688,G,30.29414110495822,26.482982019402765,5577.3486,0.9548,-4.5
TIC 20375215,5452634262730082176,K,30.13735500109793,25.93405773050962,4588.8623,0.7481,-4.76
TIC 20536788,651370037123678080,G,30.2527484198,26.335896361051027,5492.3477,0.812,-4.65
TIC 206541859,4910452812646300544,F,30.374052871753204,26.896074652937067,5958.1304,1.3428,-4.44
TIC 207110080,4727755005637190016,F,30.428517860032578,27.15283905701834,6386.467,1.5422,-4.544
TIC 207141131,4728513943538448512,K,30.205379445082745,26.16349244045071,5009.829,0.8217,-4.59
TIC 207468071,1428639816392087552,F,30.38841102180007,27.144413322383755,6198.613,1.6567,-4.67
TIC 20856917,6029992663310612096,G,30.25754730268177,26.42989268235093,5421.711,0.9654,-4.26
TIC 209459275,5057924844082070016,G,30.309653271136472,26.803451235391115,5866.2603,1.2153,-4.609
TIC 209464063,5048310370810634624,G,30.255154489565875,26.441432001439725,5494.9414,0.9343,-4.54
TIC 210083929,2736716262948031872,G,30.415777206016436,26.746861545036477,5848.7256,1.1749,-4.26
TIC 21247758,658060049982487040,F,30.38841102180007,26.89888943495975,6067.373,1.2889,-4.44
TIC 21267079,951427000863064192,G,30.325454885344655,26.54646954758341,5592.4697,1.0398,-4.2399000000000004
TIC 21276520,657756997089784960,G,30.24298858251084,26.336069984400122,5320.6367,0.8826,-4.62
TIC 21535395,778052193462283648,G,30.262104872957913,26.519980320387695,5636.447,0.9786,-4.733
TIC 21832928,1334288219648212352,F,30.3092721438791,26.75105672029541,5949.9424,1.1453,-4.61
TIC 219344917,4783664690873269888,K,30.178175115992726,26.043577186605294,4918.331,0.7379,-4.61
TIC 219780306,1439069444391326208,M,30.03886859985492,25.340969263393198,3691.4407,0.5943,-4.69
TIC 219852584,1636690613486307840,F,30.438384996761908,27.195917627570207,6412.8975,1.7041,-4.28
TIC 219857012,1651818622174190208,G,30.334375724056226,26.69861253331526,5736.534,1.1579,-4.347
TIC 220022156,4743692151804240896,K,30.18556028841163,26.13926136013765,4996.711,0.8022,-4.75
TIC 220076110,3222453935725951488,G,30.32503917488397,26.593035632663224,5736.4746,1.0409,-4.301
TIC 220604190,6246622017519183616,G,30.213905745572944,26.625379860397707,5807.8027,1.0186,-4.561
TIC 221861843,5927041953543630592,K,30.221231368353934,26.094521415981433,4925.621,0.7765,-4.257
TIC 22221375,5660492297395345408,F,30.3066800943671,26.65529848941148,5805.1826,1.0751,-4.522
TIC 224225541,6539037542941988736,G,30.31386566576989,26.565087107514774,5755.085,0.9838,-4.646
TIC 224289449,1573086442800134272,M,30.0604337487812,25.447243548035132,3626.983,0.6882,-4.57
TIC 224297258,1574358783911530624,G,30.24219823746669,26.358807921626653,5521.582,0.8419,-4.619
TIC 227642705,4282578724832056576,M,30.06193390392361,25.425358846341584,3560.909,0.6884,-4.46
TIC 2288734,6770313530317154560,F,30.38492732105085,26.88047447206844,6067.7993,1.279,-4.3845
TIC 229650439,2268101727131230464,G,30.241010016528755,26.217593494309906,5201.728,0.8263,-4.51
TIC 230073581,1642641410934267008,K,30.06193390392361,25.587597371665886,3731.1538,0.7476,-4.38
TIC 230127302,1650110904522335744,K,30.247358816560386,26.275562591600014,5207.8228,0.8515,-4.372
TIC 231698181,6412595290592307840,K,30.179319502641466,25.93494804674296,4560.303,0.7631,-4.32
TIC 232567319,1411707818360668416,F,30.41244926266751,27.09642954995006,6197.65,1.5724,-4.54
TIC 232612416,1438888501713397760,K,30.25477041305895,26.286378775071633,5252.338,0.851,-4.317
TIC 232967440,1686171213716517504,G,30.258024287333672,26.403848023016717,5353.669,0.9415,-4.401
TIC 232976128,1678371724905519744,G,30.301190223350403,26.488986615222093,5525.0327,0.9779,-4.243
TIC 233075841,2160951157908163968,K,30.210196069114534,26.158025454932094,5035.6104,0.8029,-4.63
TIC 233602827,2253774094189458432,K,30.06193390392361,25.393679769992136,3677.3953,0.6223,-4.8
TIC 234928947,3131777319158581376,K,30.26830888056424,26.329294710833086,5154.5796,0.9365,-4.2686
TIC 23769326,1497132660589966976,F,30.380572844645787,26.926368815014577,6018.8477,1.3118,-4.365
TIC 238608004,685979983106267136,M,30.046693937366875,25.4171054033873,3824.6274,0.5899,-4.28
TIC 239816546,3445148131761842944,G,30.32503917488397,26.636283648335706,5737.8066,1.067,-4.349
TIC 243014114,46217666333148416,K,30.14360395037493,25.846900807369014,4563.6943,0.6838,-4.427
TIC 243244680,636363799347569408,F,30.366691772106833,26.932244571683544,5988.9727,1.3856,-4.4
TIC 245368902,2832463659640297472,A,30.47660795423275,27.338970496634424,7266.412,1.5085,-5.19
TIC 245509452,454187981188647168,F,30.377325093459522,26.879413060620276,6052.24,1.3271,-4.2780000000000005
TIC 250111245,2640121486388076032,M,30.03089967018364,25.332628995428,3713.7346,0.5691,-4.57
TIC 251078595,1022456139210632064,K,30.13735500109793,25.493057329060065,3745.384,0.6697,-4.59
TIC 25559430,1846882224145757056,G,30.24616864876598,26.347406510283616,5474.208,0.8581,-4.24
TIC 257774438,2584093844170270720,F,30.26229373770623,26.703382412223824,5924.623,1.09,-4.79
TIC 257802602,2576563907506735232,G,30.242883788175305,26.506382753296137,5303.792,1.0779,-4.26
TIC 258186667,5800013451037514496,G,30.335932408301296,26.65342032271458,5533.3223,1.1813,-4.17
TIC 258514800,2274696151198328960,G,30.24298858251084,26.420395553521683,5479.049,0.9197,-4.5
TIC 259506033,256580182331399296,G,30.300239623169674,26.388238777298906,5173.06,1.0187,-4.346
TIC 260351540,5495052596695570816,K,30.223964688669753,26.368230475946746,4877.927,1.0952,-4.5
TIC 26045729,3068540350999693952,A,30.480349498305447,27.344162670984723,7184.2456,1.5557,-4.8
TIC 260647166,6125644402384918784,G,30.28527764462692,26.440574795080284,5645.641,0.8865,-4.84
TIC 261136679,4623036865373793408,F,30.327889688045882,26.76921164879354,5855.533,1.2031,-4.45
TIC 261867566,5795534040654879744,G,30.284381267669065,26.429990000124686,5326.739,0.9799,-4.4
TIC 2621212,3620501712193719296,K,30.13735500109793,25.876710235012034,4544.274,0.7124,-4.58
TIC 263003176,4617759514501503616,F,30.350044300876,26.850953627870254,6062.6787,1.2315,-4.66
TIC 264678534,2300641567596591488,K,30.212743258128413,26.134367759783363,4998.011,0.7955,-4.57
TIC 265373654,577602496345490176,K,30.11141926700353,25.586961158635308,3887.799,0.7001,-4.6
TIC 26547036,2136815881249993600,G,30.34461069760671,26.649611114105433,5827.4766,1.0587,-4.372
TIC 266012991,2581918597853527424,G,30.25754730268177,26.547655451206246,5610.5854,0.9846,-4.59
TIC 266015990,2582617711154563968,G,30.25754730268177,26.48910567865726,5496.631,0.9711,-4.48
TIC 267215820,2642766361608754432,K,30.1245807130615,25.82141132560492,4402.172,0.7118,-4.71
TIC 267650535,365426679516816512,K,30.205379445082745,26.11679507263209,4931.847,0.8013,-4.374
TIC 268565917,3101382419728401408,F,30.383273021467524,26.931510240798392,5981.8096,1.3974,-4.3493
TIC 26884478,2136027771930903808,F,30.39541592336873,27.023560956203394,6233.2827,1.4264,-4.547
TIC 269263577,2075998903831657472,A,30.499903034681125,27.550397095638974,8034.9873,1.5948,-4.49
TIC 269701147,2248126315275354496,G,30.20699092923932,26.407978812904535,5364.552,0.947,-4.69
TIC 27039476,3409148746676599168,G,30.268852786590767,26.440191860197203,5621.2837,0.8955,-4.46
TIC 27064468,623633615066248576,F,30.39192759552291,26.873850197775987,6054.8555,1.2617,-4.36
TIC 270701667,2078373642776670080,K,30.190043368033237,26.103790319481472,5060.944,0.7463,-4.72
TIC 271772050,2079971473693847168,F,30.446800007795417,27.113809661848165,6048.46,1.7146,-4.113
TIC 271972463,5214209564293214208,F,30.361839269312423,27.027225880949036,6064.013,1.5132,-4.65
TIC 272546396,5214002100193281920,G,30.347723933030856,26.654027632384498,5748.8105,1.0945,-4.25
TIC 273875635,2086435189017387264,G,30.179890567131245,26.25414900495539,5280.387,0.7952,-4.98
TIC 27491137,1490845584382687232,K,30.230827442349966,26.161747011363737,5062.5137,0.8011,-4.52
TIC 275574174,2126518783059463168,G,30.302827284143316,26.626963221298475,5688.2437,1.0427,-4.38
TIC 2764004,3614661419960402944,G,30.284789579565896,26.447625744567084,5607.1523,0.8829,-4.93
TIC 277833995,3856449627544923392,M,30.0604337487812,25.46611651366822,3671.7307,0.6967,-4.392
TIC 279046938,2651117427299894656,G,30.24348181877272,26.647937019273424,5859.395,1.0304,-4.464
TIC 279246287,5485320853638354304,G,30.201595897352618,26.359907920701477,5437.41,0.8939,-4.61
TIC 279401253,5110565749968529024,G,30.351584353844093,26.679740229558398,5737.7026,1.0859,-4.34
TIC 279947414,568619413331898240,K,30.255154489565875,26.26750769634564,5185.6187,0.86,-4.372
TIC 280206394,5313031504751276032,F,30.36221446975209,26.90892932470336,6018.2925,1.3384,-4.56
TIC 280437559,3087206553745290624,K,30.164201970276743,25.900421946305066,4598.748,0.7205,-4.365
TIC 281541545,4919770108539385472,K,30.151778134381356,25.884463685490868,4467.872,0.7255,-4.332
TIC 281660552,3809028584392561408,G,30.273937718869934,26.83159790394973,6116.589,1.1487,-4.797
TIC 281837575,3815937670648091392,G,30.235019652839565,26.30450066262816,5345.1616,0.8486,-4.433
TIC 281885301,3798833775141351552,G,30.24298858251084,26.31296978668904,5348.1846,0.8489,-4.48
TIC 282485660,5984530842395365248,G,30.28527764462692,26.498655669572468,5388.3945,1.0354,-4.39
TIC 283031851,1791995119082190848,M,29.99573525312039,25.217614140177155,3380.8362,0.6051,-4.46
TIC 287080092,1629404184289170688,F,30.2527484198,26.887613079695274,5956.688,1.3342,-4.94
TIC 287256467,4548496986402688384,G,30.250813920022797,26.521050041623493,5770.0864,0.9329,-4.68
TIC 287331845,6294955311720593024,K,30.217584002736746,26.119061589960925,4988.439,0.7836,-4.57
TIC 287333762,3613175223837135616,K,30.14360395037493,26.016924724074777,4866.639,0.7319,-4.8100000000000005
TIC 288144647,2872039996566868480,K,30.06342889501056,25.63093157655255,4174.8213,0.6387,-4.66
TIC 289574465,2095929368839731072,F,30.474597169416356,27.343390331154502,6733.234,1.7715,-4.54
TIC 290493086,5768159705804908800,G,30.28973198605317,26.512355325635667,5419.229,1.0435,-4.35
TIC 290504044,5989042791436795648,F,30.433001766195346,27.118152748315936,6184.3,1.5708,-4.495
TIC 290742484,6682513094425008640,K,30.25754730268177,26.288038880340217,5196.1143,0.8732,-4.42
TIC 292202337,6214868495365748096,G,30.200508801711404,26.55601828823363,5841.4673,0.9486,-4.578
TIC 293459761,610181468257262464,G,30.28973198605317,26.500370888332533,5671.698,0.902,-4.56
TIC 293612446,3394923127797114496,F,30.512554589772616,27.296261392722307,6580.8594,1.7571,-4.206
TIC 293954617,2089570519439964416,K,30.227413600604624,26.1385048445483,4973.8477,0.8077,-4.56
TIC 294028147,5355799586503538176,F,30.38129128067712,26.950577957872813,6129.6885,1.3575,-4.5
TIC 294319820,3606709167752821632,G,30.28973198605317,26.521040846837685,5634.962,0.9664,-4.56
TIC 295541511,6436995652638923392,G,30.28527764462692,26.573410842330887,5685.946,1.0115,-4.404
TIC 297373047,6264513270727342080,K,30.104685884344562,25.66044134924099,4204.36,0.6514,-4.54
TIC 29781292,4668163021600295552,F,30.398876455478234,27.016022716261684,6141.14,1.4559,-4.54
TIC 299799658,4632865331094140928,K,30.27163376396037,26.300140105075386,5208.5034,0.885,-4.4
TIC 300038935,5268547016621360768,A,30.574967714533916,27.70258635513427,8258.403,1.7668,-4.54
TIC 300812741,5264331179802870016,K,30.1454612353805,25.83455394276565,4469.8813,0.7065,-4.66
TIC 301258470,2632880927441296640,K,30.253230701339735,26.246764536397706,5162.0327,0.8561,-4.442
TIC 301288279,2634046753364013440,K,30.209130315249876,25.887470289932484,4499.625,0.7331,-4.642
TIC 301289516,2643842302456085888,K,30.071560603724937,25.621712070319102,4182.047,0.6293,-4.8
TIC 301880196,1772187382746856320,F,30.30921476415684,26.64321870527449,5851.937,1.0462,-4.54
TIC 307624961,5726982995343100928,G,30.24779196667323,26.356773743978135,5361.131,0.8929,-4.5280000000000005
TIC 307733361,664337230586013312,F,30.38129128067712,26.807692879302568,6011.121,1.1807,-4.24
TIC 309792357,4762582895440787712,K,30.269781759098777,26.26802146677789,5174.8037,0.863,-4.32
TIC 310002617,1725490333641502976,G,30.369651200811756,26.721958306768812,5848.7705,1.1406,-4.303
TIC 311133118,1265513389372846848,K,30.217060440910945,26.075973824818774,4918.2637,0.7653,-4.5
TIC 317060587,6357524189130820992,F,30.37913239728248,26.90239744949526,6023.965,1.3267,-4.4
TIC 317483660,2996776253547606656,F,30.402651460914683,27.005394744602217,6273.4175,1.3836,-4.57
TIC 317548889,2992025233741516928,F,30.405478310247346,27.052347782356204,6101.3228,1.5431,-4.376
TIC 318796593,3046930579529070464,F,30.38805779324713,26.823873710649604,5901.8315,1.2567,-4.256
TIC 320004517,6641996571978861440,G,30.29676524878437,26.549684434614647,5695.868,0.988,-4.578
TIC 320636129,4477300378701511296,G,30.28973198605317,26.47889985395319,5243.283,0.993,-4.52
TIC 321285788,607937055787752576,G,30.162423287318532,26.51781856473488,5737.1733,0.947,-4.832
TIC 321668398,1416731285125373184,F,30.442768684122665,27.15120301386359,6151.7153,1.6902,-4.384
TIC 321857016,2221164434736927360,G,30.29282306303031,26.385330785104138,5315.492,0.938,-4.26
TIC 322807371,3533836281547278848,G,30.27163376396037,26.415999398067104,5557.8447,0.8649,-4.57
TIC 32820141,5424836719001215360,G,30.298505910360674,26.462517536308543,5361.1924,1.0092,-4.2
TIC 329649885,5855730584310531200,G,30.217584002736746,26.424275599255242,5475.771,0.9214,-4.9
TIC 330485001,2198848918548722304,F,30.3776871564083,26.931973926734337,6132.7715,1.3264,-4.36
TIC 330687113,610858393758591104,F,30.43204481873089,27.04961902206772,6227.1436,1.543,-4.37
TIC 332022997,661598415839633024,K,30.184996635533157,25.99677887743349,4802.8735,0.7254,-4.6
TIC 332024125,689268759823937280,G,30.22122883875861,26.352004367891436,5301.562,0.9045,-4.54
TIC 332064670,704967037090946688,G,30.255154489565875,26.37371020632996,5184.4775,0.974,-4.17
TIC 332911893,2493785078665571200,F,30.39541592336873,26.98110552166911,6021.561,1.393,-4.54
TIC 333473672,1920333449169516288,G,30.294272689410647,26.620395068031193,5774.494,1.041,-4.568
TIC 333605244,2535901287452166400,K,30.19777909767828,26.110841090818823,4958.5474,0.7876,-4.561
TIC 333657795,30398648945512960,G,30.2527484198,26.644469193281818,5755.423,1.1045,-4.61
TIC 333800257,602348482997667840,G,30.22638932069138,26.402583493924975,5482.7617,0.8961,-4.604
TIC 336732544,6806639397331208320,G,30.250813920022797,26.408231303659136,5434.462,0.8861,-4.407
TIC 337607207,609508120464763264,G,30.28077714340024,26.49172275834048,5677.8296,0.8883,-4.64
TIC 337632006,658607950370340608,M,30.090897599858927,25.588187896724612,4050.589,0.622,-4.34
TIC 34077285,2993658970584498048,K,30.23802516297929,26.145692492839668,5009.576,0.7968,-4.31
TIC 343019899,2005028761147595648,G,30.314703263873113,26.611907112797674,5724.5986,1.0469,-4.376
TIC 345063080,3860043690538404992,K,30.23802516297929,25.795026755039746,4497.2983,0.6647,-4.638
TIC 347332255,3948424496764080640,G,30.200508801711404,26.21436029691879,5203.3135,0.8073,-4.74
TIC 347713631,3567602184853029760,G,30.247895917005586,26.537077957781136,5726.5283,0.9659,-4.79
TIC 348964243,5685917541714610688,F,30.45079425474373,27.175257893282936,6226.2,1.7034,-4.338
TIC 349445372,3596333042162818304,G,30.247895917005586,26.349123659730534,5299.1963,0.9086,-4.52
TIC 349488688,4564566554995619072,F,30.359203750714286,27.021926994320918,6115.222,1.4789,-4.7
TIC 349606708,1176209886733406592,K,30.221261980625595,26.065345842134626,4759.7764,0.813,-4.4062
TIC 349827430,1076970406751899008,F,30.401625163906388,27.112065551657896,6437.147,1.4837,-4.402
TIC 349972412,5289275864525400704,K,30.247895917005586,26.34100158617914,5088.7227,0.9641,-4.38
TIC 350153977,4619238087059206784,G,30.276229515649522,26.5041013795382,5600.6025,0.9723,-4.46
TIC 350618622,4767547667180525696,F,30.41776179963861,26.960342076635577,6175.984,1.3506,-4.3
TIC 352402781,6427244702486210816,G,30.217584002736746,26.603285231930013,5631.3403,1.0781,-4.78
TIC 352413427,369669965470499456,F,30.31003406421821,26.628350926178083,5860.138,1.0239,-4.59
TIC 354469661,359678187913760384,F,30.455357811430684,27.43610352042021,6411.1055,2.1915,-4.503
TIC 35516889,5411736896952029568,G,30.283033223704464,26.50466248556189,5454.128,1.0198,-4.5
TIC 361343239,5305241494923209856,F,30.269781759098777,26.719990934113998,6008.917,0.9985,-4.527
TIC 361711730,5820908638718592256,G,30.30710608212259,26.552426104567083,5682.2695,0.9905,-4.69
TIC 363573185,3798690151434945280,G,30.24298858251084,26.446500492107237,5459.0767,0.9562,-4.61
TIC 364186197,2275130045974715904,F,30.416439745400314,27.050395371945815,6131.947,1.5184,-4.29
TIC 365007485,3867810120985878272,G,30.192821973045113,26.375299779113337,5350.963,0.9145,-4.702
TIC 365733349,2245652826430109184,G,30.27860022414597,26.418546396525368,5304.421,0.9732,-4.283
TIC 366410512,601199802584914816,F,30.25754730268177,27.05915077568134,6072.5317,1.5575,-4.6
TIC 366443426,600698184764497664,F,30.36296389958759,26.96939161406007,6238.767,1.3377,-4.64
TIC 366484980,601159910928534144,F,30.38841102180007,27.037153151028683,6142.8364,1.4908,-4.57
TIC 366622912,602466302541172736,K,30.279871419439218,26.03765553410281,4835.2656,0.762,-4.647
TIC 368435330,729899906357408768,G,30.335932408301296,26.660240327292367,5846.199,1.0677,-4.44
TIC 368739874,1159042833731813760,K,30.118707369846312,26.09264196892951,4987.2837,0.7562,-4.42
TIC 371188886,5244434756689177088,G,30.332733171131224,26.614877042805425,5501.31,1.1417,-4.101
TIC 371234684,898130030131443584,F,30.40605504010536,26.906079195209642,6146.142,1.2639,-4.42
TIC 372172128,6375983988633147392,G,30.312185607651866,26.57331638856541,5585.505,1.0459,-4.4
TIC 374530847,1748596020745038208,K,30.250328945676586,26.264930199069244,5192.7095,0.8331,-4.42
TIC 375506058,2188906825165621120,A,30.577259511313503,27.6055467796443,7426.445,1.955,-4.45
TIC 375942197,1750321012752775040,F,30.4272281946991,27.24489208484708,6138.781,1.9298,-4.376
TIC 376524552,3962403923821595264,K,30.21072796689309,26.016969800578423,4757.89,0.7769,-4.234
TIC 376637093,2226107083103120640,F,30.355410761697147,26.95879041708199,6355.8276,1.2742,-4.59
TIC 376879052,2576755978444329216,G,30.258024287333672,26.53391486661723,5630.5615,0.9508,-4.466
TIC 376938120,2580505553613124992,M,30.054380766033166,25.565620842410254,4003.8213,0.6218,-4.414
TIC 37749396,2428162410789155328,K,30.088086622525097,25.53179124100165,3890.675,0.6448,-5.01
TIC 37770169,2912264564319611136,K,30.23802516297929,26.210217766650196,5085.1646,0.8356,-4.44
TIC 380255458,3579426053724051584,G,30.28077714340024,26.5423028757784,5558.4185,0.9986,-4.44
TIC 380583651,3909373932553827072,K,30.202680278644838,25.972484095610852,4654.1484,0.7926,-4.54
TIC 38136597,2613924969021549440,K,30.17124473783334,25.9006265367052,4703.5396,0.6879,-4.79
TIC 38158652,3796826582305099520,K,30.284904976522746,26.39297796453229,5212.654,0.9823,-4.1561
TIC 382391899,5160557726183065984,G,30.247895917005586,26.362466325112067,5361.5547,0.8955,-4.66
TIC 383390264,5765748511163751936,F,30.38129128067712,26.840664877456355,6176.828,1.1745,-4.46
TIC 38354061,2616071555020488960,G,30.30710608212259,26.64019596336173,5674.143,1.1016,-4.5
TIC 38698692,4675222436007028608,G,30.28973198605317,26.63615110817679,5673.3086,1.1003,-4.58
TIC 387690507,3353218995355814656,M,30.022781779961463,25.412483620027086,3788.846,0.5918,-4.164
TIC 388076422,2270404997834401664,M,30.009469029355948,25.29857093641057,3752.0105,0.5374,-4.63
TIC 388801714,2538051863476537984,G,30.22163954411432,26.338334934753213,5277.1274,0.9021,-4.54
TIC 389506883,4657193606465368704,G,30.1245807130615,26.180966234442423,5150.351,0.7933,-5.15
TIC 38991680,4415515934099120768,F,30.38129128067712,27.133308590128507,6030.874,1.7327,-4.59
TIC 390472975,6072902994276659200,F,30.464977632590195,27.40137984679891,6401.631,2.0727,-4.5
TIC 391958006,4287820848378092672,K,30.28527764462692,26.403633970276648,5532.365,0.8814,-4.54
TIC 392747437,6216644481523819776,F,30.28077714340024,26.66273954499837,5423.2734,1.1971,-4.34
TIC 39414571,3022644120017418496,G,30.27805428506477,26.331198785176635,5246.597,0.9091,-4.196
TIC 394287035,4619939536821435904,G,30.276229515649522,26.406708287064877,5458.04,0.9127,-4.45
TIC 394561119,5192364501633274880,F,30.428839678855677,27.29419953704909,6450.54,1.8214,-4.64
TIC 394722182,4613145315172329984,F,30.42658192302939,27.106069417846683,6230.717,1.5901,-4.421
TIC 395171208,1978027916667478656,F,30.464046987083044,27.283978167837017,6451.142,1.7965,-4.421
TIC 395393265,562109759036198272,F,30.479205111656707,27.24200233915623,6358.5986,1.7373,-4.258
TIC 396740648,1104269596843209472,K,30.222785196422556,26.162392283641008,5008.971,0.8155,-4.42
TIC 397052808,3701123406596146048,G,30.279871419439218,26.530871366858268,5591.162,1.0021,-4.53
TIC 397558558,3905603054348141440,F,30.319695209430613,26.701543144767317,5770.378,1.1538,-4.6
TIC 399087153,3902370696320119296,G,30.28973198605317,26.48669424450846,5562.381,0.9642,-4.49
TIC 399155300,6049057713786919936,G,30.526649517958415,27.42633198838814,7540.049,2.1349,-4.485
TIC 399637637,5231963962676292224,A,30.496893383698332,27.418877419606886,7569.1675,1.5099,-4.4
TIC 399722652,2534388703049641472,G,30.24348181877272,26.40266803335913,5619.0127,0.8506,-4.604
TIC 399731211,2559203924574351616,K,30.228435470445262,26.234225023214382,5215.273,0.7862,-4.406
TIC 399860444,2131314401800665344,G,30.31928139855423,26.60334081030456,5728.4087,1.0439,-4.48
TIC 399870368,3291455819447952768,A,30.574967714533916,27.86414215653354,8811.203,1.8567,-4.599
TIC 400432230,2139082524468869248,F,30.409095620659922,27.029067292316935,6256.606,1.4154,-4.54
TIC 401604346,6373308503181838592,G,30.332733171131224,26.812517722142907,5890.3374,1.2289,-4.513
TIC 402314147,2598309945401588224,F,30.28527764462692,26.564512959077437,5583.8833,1.0484,-4.51
TIC 40292751,2032764938419327616,F,30.38841102180007,26.95765012699526,6113.0205,1.3719,-4.46
TIC 403224672,6407428994690988928,G,30.32707716305321,26.686925307947213,5747.6714,1.1449,-4.58
TIC 404518509,4847732649308331648,G,30.335932408301296,26.638934503374514,5778.1284,1.0657,-4.491
TIC 405485269,5691782130578684544,G,30.358318398735122,26.77169604625427,5836.8735,1.2193,-4.3096
TIC 405501056,6166183842771027328,G,30.320934281546158,26.630688378301848,5539.8813,1.149,-4.35
TIC 405688133,2132086400701217792,G,30.29414110495822,26.51588124574124,5388.995,1.0592,-4.19
TIC 406997913,2139269269647566336,G,30.2527484198,26.256575388780618,5328.061,0.7954,-4.46
TIC 407126408,5772195974332632192,K,30.21231976274439,26.047684324511387,4869.8354,0.7567,-4.673
TIC 407966340,3301771025223950336,F,30.395763220054093,27.042922134193784,6280.154,1.4419,-4.558
TIC 408636441,2216420110788943744,K,30.051782480545093,25.564365966447635,3926.7197,0.6767,-4.458
TIC 411608801,2790691147020786816,F,30.38129128067712,27.101978326725582,6304.67,1.5221,-4.62
TIC 415276070,5715145275211633792,F,30.460472526724747,27.229396720736194,6737.3384,1.5869,-4.43
TIC 416279912,2139300262131379584,G,30.283483036776165,26.492192414445306,5599.9014,0.9554,-4.523
TIC 417047499,2080811118319262080,F,30.351968515286128,27.128106230391854,6379.868,1.4636,-4.906
TIC 417646390,497750842338402560,F,30.416770636450153,27.034860165228817,6168.0044,1.4937,-4.358
TIC 417931607,1581799694493008384,G,30.29946030876713,26.598343533529444,5714.1807,1.0392,-4.521
TIC 417948359,1556242405699527424,K,30.241604533366157,26.134485299738962,4973.2905,0.8022,-4.358
TIC 418761354,2556231154370582400,K,30.15583840679194,25.869715395399126,4628.5464,0.6883,-4.46
TIC 419523962,430269136520563200,F,30.488276866707547,27.418311089273498,6153.87,2.4057,-4.17
TIC 420202798,6056675572727076736,K,30.25850074868909,26.374736478409396,5059.3687,1.0135,-4.334
TIC 420814525,1779546757669063552,F,30.32755470566685,26.805499519961153,5996.3154,1.1987,-4.5455
TIC 422325510,3610557458450018944,K,30.212849067480114,25.82211069511788,4465.0425,0.6824,-4.548
TIC 422618003,2646280705713202816,K,30.33192966584762,25.661992750673768,3896.6836,0.7661,-5.17
TIC 422618449,2645940376800212096,K,30.201595897352618,26.10712187112671,4989.447,0.7833,-4.54
TIC 422685031,6239581123010344960,G,30.24348181877272,26.404001975626244,5316.479,0.9563,-4.526
TIC 425817867,6678937478314860160,G,30.251819893395126,26.363880341848603,5423.53,0.8665,-4.6
TIC 427761355,2210596444367488384,A,30.551358941340567,27.65727924639163,7668.557,1.9632,-4.64
TIC 42812945,2044341077844180736,G,30.30946698404278,26.524681466114046,5483.6616,1.0382,-4.2801
TIC 428673146,3494677900774838144,K,30.21231976274439,26.065923022009887,4852.3135,0.8042,-4.43
TIC 428787891,570653411060484480,F,30.389468986956405,26.977900071147268,6022.5796,1.4433,-4.529
TIC 43400838,2343647384368388608,G,30.226220595022294,26.477635848870683,5544.7617,0.967,-4.7601
TIC 434094657,2612830229101544704,K,30.1245807130615,25.860758391010588,4530.6333,0.7035,-4.64
TIC 436575927,3406132644545570432,K,29.977933806972793,25.79561119801098,4473.3374,0.6606,-4.928
TIC 437054764,605593554127479936,M,30.048242225929734,25.406529051304496,5351.1978,0.5237,-4.65
TIC 437704321,6825931948041984256,K,30.136094348596185,25.847442334074415,4497.296,0.6913,-4.164
TIC 437856897,3402980516507429888,F,30.545250620084513,27.581898053661074,6188.6704,2.8059,-4.198
TIC 439366538,6828814283414902912,K,30.173567173752375,26.06388383184338,4838.3594,0.7799,-4.39
TIC 440489582,961428192989499904,F,30.39006946894588,26.865443600871874,6027.64,1.273,-4.3368
TIC 440872576,6225252356194921728,F,30.335134805722834,27.000632456360805,6157.3813,1.4716,-4.654
TIC 441546821,6055854551117476480,F,30.46582324510885,27.17285310197079,6512.7812,1.522,-4.54
TIC 441738827,1652137995942479744,M,29.954604112373506,25.235129152756812,3753.0447,0.5017,-4.67
TIC 441739020,1651911084230149248,F,30.384509615979056,26.955433043571407,6203.5215,1.3283,-4.523
TIC 444037742,604743013163971072,K,30.222785196422556,26.092348384093302,4937.0513,0.8123,-4.51
TIC 445751830,996878131494639488,K,30.104685884344562,25.676936950768113,4179.0244,0.6478,-4.54
TIC 445805961,1116613161053977472,G,30.29414110495822,26.552669598464206,5786.4546,0.9623,-4.42
TIC 446549906,6633448311454447232,G,30.281229298029217,26.47844071911717,5517.0645,0.9741,-4.47
TIC 448098793,5847114914267582848,F,30.317206409026916,26.620825325190708,5949.4136,0.9746,-4.469
TIC 449197831,3233785128901216128,F,30.319695209430613,26.899109049214626,5958.3135,1.3546,-4.64
TIC 452006073,5342880462319699200,F,30.409095620659922,26.924308121629522,6010.065,1.4083,-4.19
TIC 453211454,3145754895088191744,G,30.271910884770733,26.469819924597484,5470.7383,0.9765,-4.433
TIC 453789494,6086712585429729536,F,30.471692178772948,27.537671447748217,6972.9062,2.2805,-4.64
TIC 454901855,5876112300125320448,G,30.33792002953681,26.751014213616553,5797.2397,1.2047,-4.4
TIC 455036659,3279418602369232000,F,30.411780602825022,27.247114893416075,6369.9536,1.808,-4.653
TIC 455784423,2881820324294985856,M,30.10127963565265,25.553327196187702,3805.4556,0.6946,-3.991
TIC 456862677,289464440515102976,G,30.275772122787966,26.335136640214042,5346.0684,0.8793,-4.49
TIC 456945304,144150720342734208,G,30.291501008792014,26.474901312051788,5531.5366,0.9602,-4.522
TIC 458350670,471536354830504448,G,30.23300436160424,26.41324418309093,5465.065,0.9147,-4.84
TIC 460205581,5251470948229949568,G,30.356172014270502,26.62459052587924,5767.977,1.0443,-4.53
TIC 460984940,5251941573573934080,G,30.25754730268177,26.428140107033336,5624.3457,0.8833,-4.67
TIC 4610830,2413596935442139520,G,30.260401384028523,26.28898452500056,5281.3354,0.8462,-4.406
TIC 46296576,608206676654888064,G,30.3398985955189,26.602663752027723,5667.991,1.0395,-4.46
TIC 46432937,2984391358868786816,M,30.04901430521202,25.352484474753307,3695.646,0.6027,-4.217
TIC 4646810,5175239363214344960,K,30.196133001651116,26.03796385464,4756.42,0.7843,-4.52
TIC 466206508,6443054270942726144,G,30.247895917005586,26.661283675769262,5731.01,1.0743,-4.75
TIC 466222634,6429295051154269440,G,30.25754730268177,27.400162089058178,6130.7114,2.2481,-5.0200000000000005
TIC 466376085,2700378125204437760,K,30.14360395037493,25.884767706864302,4623.2563,0.7175,-4.59
TIC 468574941,538759464958942208,G,30.351584353844093,26.82363967372905,5910.6733,1.2463,-4.6
TIC 468723402,560130775546153344,G,30.202699772722713,26.169885443699066,5059.563,0.8098,-4.6635
TIC 470127886,2299101254886404608,F,30.36817400727227,26.888667467050148,6145.8013,1.2463,-4.78
TIC 470171739,2299246592282070400,F,30.49495845206406,27.18336313751425,6376.4614,1.6564,-4.223
TIC 49043968,5453063823882876032,F,30.323401870468157,26.824640657622233,6191.335,1.1922,-4.6
TIC 49254857,6176542204376734592,F,30.311343135065844,26.558121883023148,5622.691,1.0174,-4.67
TIC 49831913,2898239468873596800,G,30.30493087453893,26.64530330790002,5739.9775,1.0889,-4.4978
TIC 49984349,2616766622463761024,G,30.16479324944487,26.473227878266158,5667.1636,0.8992,-4.774
TIC 50171060,6050191241556876672,G,30.26229373770623,26.36510944865441,5376.903,0.8914,-4.36
TIC 53189332,3788394461991295488,F,30.398876455478234,26.99954600300852,6015.5444,1.4775,-4.39
TIC 55525572,4665704096987467776,F,30.41907984156652,27.189295465725614,6070.6284,1.8589,-4.44
TIC 56815340,3698307419878650240,F,30.360711719180387,26.97425041185678,6438.769,1.2627,-4.76
TIC 59088823,3405720400701167104,G,30.27805428506477,26.436470540162713,5619.685,0.8836,-4.303
TIC 60256211,652007410271734912,G,30.254496216180854,26.43755019726675,5532.253,0.915,-4.45
TIC 6036597,6194574671813047424,K,30.224333484985415,26.41625935389949,4997.342,1.0534,-4.489
TIC 610976842,2564784633279953536,K,30.16773763009165,25.93507927361094,4599.2026,0.7518,-4.4
TIC 61125572,3886688327612984704,G,30.31049902501993,26.703771575922982,5868.628,1.1127,-4.68
TIC 61205803,316706322857704960,G,30.281229298029217,26.481008099902496,5420.8564,0.9891,-4.238
TIC 6139066,3414370975935397888,G,30.27024550124845,26.440457682253186,5302.6567,1.0105,-4.43
TIC 63001143,2126569051355142656,G,30.346947713911078,26.712172570485443,5739.8135,1.1583,-4.303
TIC 63189173,675443053940533760,K,30.130055762356427,25.835297424493817,4508.4473,0.6844,-4.599
TIC 66818296,6042793005779654656,F,30.427941262614365,27.20179594624547,6617.9907,1.5055,-4.79
TIC 68504570,6049595065740634624,G,30.222785196422556,26.24046699041729,5192.9717,0.8367,-4.62
TIC 6892385,651907079835937280,G,30.27163376396037,26.368622472119586,5424.3813,0.9099,-4.32
TIC 69274518,3409152693750235008,G,30.24935736924922,26.61049463356901,5673.922,0.9782,-4.526
TIC 7059054,662078902422542336,K,30.14976425907975,25.845532804182348,4612.158,0.6922,-4.5
TIC 70899085,3189306030970782208,M,30.069357922002816,25.45483694196359,3577.9766,0.719,-4.13
TIC 71528173,2033246455795280896,G,30.311343135065844,26.58692633192844,5493.753,1.1096,-4.37
TIC 72506701,1244571953471006720,F,30.445630747900218,27.085877603458535,6319.2407,1.484,-4.2678
TIC 73228647,6133384959942131968,G,30.29720106867233,26.5424460113644,5651.403,0.9929,-4.4
TIC 741119,3616517223789495424,K,30.263707611386586,25.990692773255862,4808.8545,0.6316,-4.746
TIC 7422496,4799563663371481344,G,30.27163376396037,26.46826968046351,5691.292,0.9006,-4.8100000000000005
TIC 75266189,6839540362940861568,G,30.291491208211735,26.41090631361888,5597.1045,0.8157,-4.76
TIC 77031414,2323985539482908416,G,30.319695209430613,26.630393965434898,5674.458,1.0799,-4.38
TIC 771548,3616620814104819328,F,30.29414110495822,26.613424735584953,5748.82,1.0379,-4.72
TIC 77287067,4816462091938129408,F,30.302827284143316,26.888882532487706,6055.7495,1.261,-4.8
TIC 79748331,6683371847364921088,K,30.172407508225135,25.946573695013342,4608.6196,0.7515,-4.49
TIC 80224448,3380479015342121600,F,30.3398985955189,26.752113548285283,5934.8613,1.1544,-4.52
TIC 82308728,3997075206232885888,K,30.185995491338574,26.1435219883703,5053.029,0.7872,-4.7684
TIC 8260536,750888548244441344,G,30.357690527992045,26.686108577999484,5872.8403,1.0853,-4.45
TIC 83092282,5516690878153930240,F,30.416770636450153,27.06079712552544,6346.4976,1.4345,-4.45
TIC 8516795,4535299582687857920,F,30.45079425474373,27.23681073064433,6117.173,1.8686,-4.417
TIC 8599009,4524517290642206336,G,30.322169828558465,26.59212265794033,5541.764,1.0881,-4.29
TIC 86130229,632634358985725184,G,30.28973198605317,26.522854744617664,5744.1445,0.9145,-4.59
TIC 87989721,6724520279784564864,G,30.20699092923932,26.167433140630735,5021.1343,0.8194,-4.63
TIC 88529975,1101653957463314688,F,30.375510237154025,26.993643080389646,6159.339,1.4464,-4.553
TIC 89020549,6520880040423258240,G,30.28527764462692,26.37304452983004,5331.2295,0.8948,-4.38
TIC 8963531,2439238852271933568,G,30.223301906158586,26.581551108194,5590.097,1.0529,-4.7780000000000005
TIC 9001920,732857558276385664,K,30.11141926700353,25.704680269027065,3869.1812,0.7971,-4.3
TIC 9006668,2405081733281425280,K,30.196133001651116,26.10218608599273,4942.86,0.7823,-4.654
TIC 90090343,4072055435329128576,K,30.230979675037826,26.026171438597498,4797.0103,0.7532,-4.585
TIC 9030096,2435647095676990592,G,30.29414110495822,26.67449378030781,5730.752,1.1143,-4.502
TIC 9030119,2435650050614494336,G,30.195582913570092,26.450050595458062,5319.9004,1.0036,-4.656
TIC 91051152,2841043011433969152,K,30.15583840679194,25.874047716702382,4475.983,0.7206,-4.69
TIC 9156146,2391838429257482496,G,30.315539249659455,26.749405750748725,5817.9634,1.1946,-4.54
TIC 91987762,644224345413418880,F,30.394859670353966,27.157725911241403,6277.062,1.6379,-4.635
TIC 9348006,803285607362611840,G,30.263142614149174,26.25495521164775,5202.0425,0.8466,-4.378
TIC 9443323,277493615044741376,F,30.31176457564419,27.00968307023408,6061.018,1.403,-4.764
TIC 94986319,2984582227215748864,G,30.21915091176746,26.33613771434128,5410.338,0.856,-4.5840000000000005
TIC 95589845,3034394776886475520,F,30.39541592336873,27.08514657222002,6401.2827,1.4351,-4.642
TIC 97568467,3342228616422593664,F,30.56778530013257,27.529680268346755,6333.0283,2.4751,-4.446
TIC 97825640,3531594209836279168,K,30.184996635533157,25.87999972867648,4496.9033,0.7185,-4.58
TIC 97921547,5590415817155428224,A,30.5026258930166,27.360017858359075,7213.661,1.5368,-4.65
TIC 98545929,5605119586158973440,A,30.548925912669567,27.76431338787568,8281.33,2.0869,-4.499
TIC 98594138,3578046995560843520,G,30.270360456420384,26.58084917396718,5653.001,1.0329,-4.35
